,imagerow,imagecol
AAACAGAGCGACTCCT-1,15242,5787
AAACAGTGTTCCTGGG-1,8458,19344
AAACCACTACACAGAT-1,18291,3265
AAACCGGGTAGGTACC-1,6495,12205
AAACCGTTCGTCCAGG-1,8340,14511
AAACGACAGTCTTGCC-1,18424,3035
AAACGAGACGGTTGAT-1,13244,10614
AAACGCCCGAGATCGG-1,17100,3491
AAACGTGTTCGCCCTA-1,18416,5796
AAACTAACGTGGCGAC-1,17362,4413
AAACTCGTGATATAAG-1,17748,7865
AAACTGCTGGCTCCAA-1,11651,12910
AAAGGCCCTATAATAC-1,5686,17725
AAAGGCTACGGACCAT-1,9920,16817
AAAGGCTCTCGCGCCG-1,10057,15207
AAAGGGATGTAGCAAG-1,11003,8076
AAAGGTAAGCTGTACC-1,16831,4871
AAAGGTCAACGACATG-1,17631,2573
AAAGTAGCATTGCTCA-1,6357,14276
AAATAACCATACGGGA-1,14448,5785
AAATACCTATAAGCAT-1,11914,13371
AAATCGTGTACCACAA-1,10197,12676
AAATGATTCGATCAGC-1,17485,7404
AAATGGTCAATGTGCC-1,9543,10143
AAATTAACGGGTAGCT-1,10468,10376
AAATTACACGACTCTG-1,14184,5784
AAATTACCTATCGATG-1,15234,8548
AAATTGATAGTCCTTT-1,6883,15198
AAATTGGTGAGAAGCA-1,18547,6027
AAATTTACCGAAATCC-1,14718,3945
AAATTTGCGGGTGTGG-1,7153,13357
AACAATACATTGTCGA-1,7673,16580
AACAGCTGTGTGGCAA-1,6881,16118
AACATATCAACTGGTG-1,15894,8780
AACATCGATACGTCTA-1,17752,6485
AACATTGAAGTTGATC-1,5817,17956
AACATTGTGACTCGAG-1,9654,17276
AACCAGTATCACTCTT-1,14983,3946
AACCCGACAACCCGTG-1,8462,17963
AACCCGATAGGGCTTC-1,19347,3728
AACCGAGCTTGGTCAT-1,12061,8079
AACCTTTACGACGTCT-1,14976,6247
AACGATATGTCAACTG-1,12855,8081
AACGCATGATCTGGGT-1,16560,7172
AACGCGACCTTGGGCG-1,9785,17967
AACGCGGTCTCCAGCC-1,11401,7847
AACGGCCATCTCCGGT-1,7947,13360
AACGTACTGTGGGTAC-1,8343,13591
AACGTGATGAAGGACA-1,13790,4632
AACGTGCGAAAGTCTC-1,12582,10842
AACTAGGCTTGGGTGT-1,10851,15209
AACTCAAGTTAATTGC-1,8614,11291
AACTCCTAATCCCATG-1,14979,5326
AACTCTCAATAGAGCG-1,15096,10619
AACTCTCAGTGTGCTC-1,8207,14741
AACTGAGGTCAGCGTC-1,17493,4643
AACTGATATTAGGCCT-1,11538,6237
AACTGGGTCCCGACGT-1,11535,7157
AAGACCCAACTGAACA-1,9922,16357
AAGACTGCAAGCTACT-1,11789,10840
AAGAGCTCTTTATCGG-1,12980,10613
AAGAGGATGTACGCGA-1,6629,11515
AAGAGGCATGGATCGC-1,13376,10844
AAGATGGCACCGGACC-1,7939,16121
AAGATTGGCGGAACGT-1,14705,8547
AAGCCACTTGCAGGTA-1,6739,19569
AAGCCGCCGTGAAATC-1,5819,17496
AAGCCGCTTTACCTTG-1,19338,6949
AAGCGGAGTGCGCGCA-1,19475,5339
AAGCGGCGTCATGGGT-1,15642,4638
AAGCGTCCCTCATCGA-1,7411,15659
AAGCTCGTGCCAAGTC-1,12451,10611
AAGGAGCGGTTGGTGC-1,9149,8991
AAGGATGAGGGACCTC-1,14307,8776
AAGGCTGTGCTCATCG-1,8883,9451
AAGGGACAGATTCTGT-1,14969,8548
AAGGGACTATGCATTC-1,6219,16346
AAGGTATCCTAATATA-1,13515,8313
AAGTGAGTCGGGTTTA-1,9127,16815
AAGTGCGTTAGAATCT-1,6358,13815
AAGTGCTTCTCTATTG-1,7668,18421
AAGTTCAGTCTGCGTA-1,16562,6711
AAGTTCGGCCAACAGG-1,7286,13128
AATAACACTAGAACAA-1,7811,14510
AATACCGGAGGGCTGT-1,7669,17961
AATAGAACAGAGTGGC-1,8869,14513
AATAGCAAGCCTCCTG-1,17495,4183
AATAGCTACCGCGTGC-1,17487,6944
AATAGGCACGACCCTT-1,7133,20261
AATAGTCCGTCCCGAC-1,10320,15668
AATATCGAGGGTTCTC-1,16159,8781
AATCAGGTTTCATTTA-1,7139,18420
AATCGCCTCAGCGCCA-1,13242,11534
AATCTATGCCGGAGCC-1,17350,8554
AATCTGCGTTGGGACG-1,14965,9928
AATCTGGGTAGACCCT-1,15248,3486
AATGACAGCAATGTCT-1,6756,13586
AATGACGTAGGATGTC-1,13106,12684
AATGATGATACGCTAT-1,15104,7858
AATGATGCGACTCCTG-1,16160,8321
AATGCAACCGGGTACC-1,10606,8305
AATGCACCAAGCAATG-1,15635,6939
AATGGCCGCCAATGCG-1,19084,3267
AATGTGCCCGAGGTGT-1,6354,15196
AATGTGCTAATCTGAG-1,7008,17729
AATTAAAGGTCGGCGT-1,9406,11753
AATTAGCGCTGCAGCG-1,11118,14289
AATTCATAAGGGATCT-1,14839,7857
AATTCTAGAGTTAGGC-1,11119,13829
AATTTGGGACATAGTA-1,14846,5556
ACAAACTCCATCAGAG-1,8060,20033
ACAAATTCAGATCTGA-1,16437,4180
ACAACAGCATGAGCTA-1,12321,9921
ACAAGGCCTACCAGCC-1,16835,3491
ACAAGGGCAGGCTCTG-1,12842,12683
ACAATCCATTTAAACC-1,7028,10826
ACAATGAATACGGAGA-1,6882,15658
ACAATGATTCTTCTAC-1,17626,4413
ACAATTTGAGCAGTGG-1,13646,9004
ACACAAAGACGGGTGG-1,10210,8074
ACACAAATATTCCTAG-1,19209,5799
ACACCCAGCATGCAGC-1,9416,8071
ACACCCGTAAATCTGT-1,19483,2578
ACACGAGACTCCTTCT-1,12189,9690
ACACGGGAACTTAGGG-1,12192,8770
ACACTGATCAAGGTGT-1,9133,14514
ACAGAACTGAGAACAA-1,5960,14505
ACAGCGCACCCGCAGC-1,13393,4861
ACAGGTGGAGGTGAGG-1,7944,14280
ACAGTATACCGTGGGA-1,18545,6947
ACAGTGCAGCGCATTT-1,18160,2574
ACATAATAAGGCGGTG-1,11138,7386
ACATCCCGGCCATACG-1,10322,15207
ACATCGATCGTTTACC-1,10991,12218
ACATCGGTCAGCCGCG-1,7686,11978
ACATTAGTTTATATCC-1,10853,14288
ACATTCGCGCGGAATA-1,6342,19338
ACCAAACACCCAGCGA-1,18017,6485
ACCAACACCACACACT-1,17354,7174
ACCAACGCTTATTTAT-1,9265,14744
ACCACAAGTTTCTATC-1,9941,9454
ACCAGTGCCCGGTCAA-1,16435,4640
ACCATATCCGCAATAA-1,10201,11295
ACCATCGTATATGGTA-1,8347,12210
ACCCAACGCCCGTGGC-1,14173,9466
ACCCATCTTGAGGGTA-1,7689,11058
ACCCGAGCGAAATTAC-1,6615,16577
ACCCGATTGGTTCCGA-1,7403,18420
ACCCGGTTACACTTCC-1,9140,12213
ACCCGTGTCATCAGTA-1,9923,15897
ACCCTATGCCATATCG-1,8073,15431
ACCCTGGTAACGCCCT-1,18014,7406
ACCCTTGCCTGGGTCG-1,19472,6260
ACCGACTGAGTCCCAC-1,11530,8998
ACCGCTAGTCATTGGT-1,7003,19570
ACCGGTCTGAGTACGG-1,16042,3488
ACCGTGACCACGTGGG-1,7937,16581
ACCTAAGTACCTTTCA-1,6754,14047
ACGACTGGTCATACTC-1,7274,17270
ACGAGTACGGATGCCC-1,16555,9012
ACGATACATAGAACTA-1,13385,7623
ACGATCATACATAGAG-1,11135,8307
ACGATGCATATGTTAT-1,8482,11060
ACGCAAACTAATAGAT-1,8994,17044
ACGCAATCACTACAGC-1,17218,8324
ACGCATAAATGACATG-1,17496,3723
ACGCATTCGTGAGTAC-1,10865,10147
ACGCCAGATGATTTCT-1,12463,6469
ACGCCGCTAGACGACC-1,12181,12451
ACGCGAAGTCAGACGA-1,10590,13828
ACGCGCTACACAGGGT-1,6893,11976
ACGCGGGCCAAGGACA-1,10997,10377
ACGCTAGTATCAGTGC-1,19218,2577
ACGCTAGTGATACACT-1,16026,9011
ACGGAGCGCAAATTAC-1,17091,6713
ACGGCACTTGCTTGGG-1,10720,14518
ACGGCCAACATGGACT-1,10058,14746
ACGGGAGTGTCGGCCC-1,6095,13354
ACGTACTTTGGCACGG-1,7006,18649
ACGTAGATTGCTGATG-1,11659,10149
ACGTTAATGTCGAAGA-1,11918,11990
ACGTTAGATTTGCCCG-1,7952,11519
ACGTTCACTATGCCGC-1,7796,19572
ACGTTCGTTCAGGAAA-1,8599,16353
ACGTTGTCGTTGAAAG-1,6870,19800
ACTAAGGACGCACACC-1,19608,5109
ACTAATACGTCAGGCG-1,15775,4408
ACTACAAAGAGAGGTG-1,9253,18886
ACTACCATCCGAGGGC-1,6474,19568
ACTACGCGTTAGAATT-1,10186,16358
ACTATATGCTGTGTTC-1,16697,5561
ACTATGTCCAGCTGCC-1,5687,17265
ACTATTCGTCCGTGGT-1,12597,5780
ACTATTTCCGGGCCCA-1,8203,16122
ACTCAATAAAGGCACG-1,11928,8309
ACTCCAATATCATCAT-1,6614,17038
ACTCGTCAGTAATCCC-1,13111,10843
ACTCTCTGACTTAGGT-1,13107,12224
ACTCTTGTATAGTAAC-1,12053,10840
ACTGCCCGCCATTCTC-1,6742,18188
ACTGCCGTCGTAACTC-1,12067,6238
ACTGGCGAACCTGCGT-1,19476,4879
ACTGGGATGCCAGTGC-1,9781,19348
ACTGTACGATACACAT-1,13115,9463
ACTGTCCAGGATTATA-1,10072,10144
ACTGTCTTCTTTAGAA-1,11264,9457
ACTTACCGGGCGCGCA-1,15376,5097
ACTTATACTTACCCGG-1,14698,10848
ACTTATTAGGATCGGT-1,9672,11294
ACTTCGCCATACGCAC-1,12721,8771
ACTTGACTCCCTCTTT-1,12314,12222
ACTTGGGACCCGGTGG-1,9281,9222
ACTTTCCTATAGCTTC-1,11001,8996
AGAACGTGGTACATTC-1,12456,8771
AGAAGGTTGCCGAATT-1,8611,12211
AGAAGTGATTCGTGAT-1,6491,13586
AGAATGCGGGTTCGGA-1,17095,5332
AGAATTATGGATTCGA-1,15759,9931
AGACCCACCGCTGATC-1,11384,13830
AGACCCGCCCTCCTCG-1,10209,8534
AGACGACGATGCCGCT-1,7149,14738
AGACGGGCCGATTTAA-1,16304,4410
AGACTAGCCTTCCAGA-1,8885,8990
AGACTGTTACCGGGTC-1,8729,17044
AGAGAAACACCAGAAA-1,7271,18190
AGAGAACCGTCTAGGA-1,14440,8546
AGAGAAGGAGTACAAT-1,7278,15889
AGAGGGACAATTGTCC-1,18553,4186
AGAGTGAACAGACACC-1,19350,2808
AGAGTTAGAGACCGAT-1,15776,3948
AGAGTTGCAGGCCTCC-1,19343,5109
AGATAACTTCAGGGCC-1,8618,9910
AGATACCAGCACTTCA-1,18414,6256
AGATACCGGTGTTCAC-1,7819,11749
AGATCGTGCATAAGAT-1,15634,7399
AGATCTCAGGTGTGAT-1,12719,9232
AGATGACTCGCCCACG-1,10080,7383
AGATGAGGGTTGCGAT-1,15771,5789
AGATGCAAGACGTGCA-1,5956,15885
AGATTATAGGACGTTT-1,9937,10834
AGATTCAAGCGGGTCG-1,17497,3262
AGCACACGTTTAGACT-1,6214,18187
AGCACCAGTACTCACG-1,11398,8767
AGCAGCCAGATGAATA-1,10453,15438
AGCCACTCCCGTGCTT-1,13517,7853
AGCCCGCAACAAGCAG-1,9916,18198
AGCCCGGCATTAGAGG-1,6216,17267
AGCCCGGTAGCCTGTA-1,9260,16585
AGCCCTCCCTGGTGGC-1,6611,17958
AGCCCTTCTAATCCGA-1,16430,6481
AGCGACAGGAACGGTC-1,7679,14279
AGCGACCAACGATATT-1,10077,8303
AGCGAGACGTGAAGGC-1,5685,18185
AGCGCATAATGAATCG-1,10056,15667
AGCGCGGGTGCCAATG-1,14971,8087
AGCGCTTATGGGCAAG-1,15510,4407
AGCGGTTGCCGCTCTG-1,18149,6716
AGCGTGGTATTCTACT-1,12180,12912
AGCTAACAAGCAATGT-1,7144,16579
AGCTAAGCTCCGTCCG-1,7531,20032
AGCTAGAAGCAGAAGT-1,15898,7400
AGCTATTTAATCCAAC-1,12596,6240
AGCTCGTTGATGGAAA-1,19208,6259
AGCTCTAGACGTTCCA-1,12846,11303
AGCTCTTCCCAGTGCA-1,14446,6705
AGCTCTTTACTCAGTT-1,8744,11981
AGCTGAAGTAAACCAA-1,13915,7164
AGCTGCATTTGAGGTG-1,16970,2801
AGCTGCTGTGCCGAAT-1,17763,2803
AGCTGTAACCTCAATC-1,6487,14966
AGGACGACCCATTAGA-1,8743,12442
AGGACGCTCGATGTTG-1,15768,6709
AGGCAGATGCGTAAAC-1,14176,8545
AGGCAGGGAGCGTACT-1,9261,16125
AGGCCTATCATACCAA-1,9649,19117
AGGCGTCTATGGACGG-1,17621,6254
AGGCTTCCCGAAGAAG-1,8341,14051
AGGGAAACGAGGTACT-1,14581,5555
AGGGACTCTACGCGAC-1,9793,15206
AGGGCTGCAGTTACAG-1,11393,10608
AGGGTCAGAGCACTCG-1,8065,18192
AGGGTCAGTAACCCTA-1,17754,6024
AGGGTGCCGTTCTTTA-1,7141,17499
AGGGTGCTCTCGAGGG-1,14964,10388
AGGGTGTGCTACACGC-1,18820,3266
AGGGTTCAGACGGTCC-1,8725,18424
AGGGTTCCCTTTGGTT-1,14438,9467
AGGGTTTAGTTCGGGA-1,11130,10147
AGGTACGATATTGCCA-1,12863,5320
AGGTAGATCGAGATAT-1,7407,17040
AGGTCGCGGAGTTACT-1,16556,8552
AGGTGGTGACCTTCGC-1,10183,17278
AGGTTGAGGCACGCTT-1,12592,7620
AGGTTTCACACACCTT-1,11653,11990
AGTAACGTTCATCCTG-1,14851,3715
AGTACCTTCGAGTGCT-1,17096,4872
AGTACGGGCACCTGGC-1,13251,8313
AGTAGCTAGACGCCGA-1,16306,3489
AGTAGGAAGGAAGTTG-1,15769,6249
AGTATACACAGCGACA-1,9126,17275
AGTATGCTGGAGACCA-1,6220,15886
AGTATTTGGCACGACC-1,9658,15896
AGTCAAATGATGTGAT-1,7404,17960
AGTCAACACCACCATC-1,9008,11982
AGTCCCGCCTTTAATT-1,15108,6477
AGTCGTGGGCATTACG-1,6621,14276
AGTCTCACAAGACTAC-1,6752,14967
AGTCTTCTCCTCAAAT-1,11532,8078
AGTGACCTACTTTACG-1,9668,12674
AGTGACTGTGACACAA-1,6479,17728
AGTGAGACTTCCAGTA-1,14302,10617
AGTGAGCCTCGCCGCC-1,16422,9242
AGTGAGGGTTTCTGAC-1,14452,4404
AGTGATATGAGTAGTT-1,9270,12903
AGTGATTCAAGCAGGA-1,14304,10156
AGTGCGTAGCTCGTAA-1,8344,13131
AGTGGCGGCAATTTGA-1,15235,8088
AGTGTATTGCGCATTG-1,15372,6478
AGTTAAACACTTGCGA-1,8612,11751
AGTTAAGCGGTCCCGG-1,13389,6242
AGTTAAGTCAACCGCT-1,6092,14275
AGTTACTCTATCGTGG-1,14580,6015
AGTTCCTACAGAATTA-1,9412,9452
AGTTCCTATTTATGTT-1,11388,12449
AGTTTGGCCAGACCTA-1,6889,13357
ATAAACGGACCCGTAA-1,10856,13368
ATAAAGGCTCGGTCGT-1,9410,10373
ATAACGCCGGAGGGTC-1,13509,10614
ATAACGGAGTCCAACG-1,12722,8311
ATAACGTTACCTCCAC-1,17889,4874
ATAAGCAAACACCGAG-1,19345,4648
ATAAGTACCCGATTGT-1,17758,4644
ATAAGTAGGATTCAGA-1,16423,8782
ATAAGTTACCGCGACG-1,9666,13135
ATAATAGCTGTTGAAT-1,11120,13369
ATACCGTCATCCATAA-1,18018,6025
ATACGACAGATGGGTA-1,18556,2805
ATACGAGGTTTGTAAG-1,9250,19806
ATACGCCGGCGAAACC-1,13109,11764
ATACGGGTTTCGATTG-1,13650,7623
ATACTAGCATGACCCT-1,10873,7385
ATAGACAACGGGACCT-1,14968,9008
ATAGACGAAGAGAAAG-1,8749,10141
ATAGAGTACTGGGACA-1,9151,8531
ATAGAGTTATCAACTT-1,15101,8778
ATAGGAATCTAAGCTT-1,16438,3720
ATAGGCGGCTATAGAA-1,7156,12437
ATAGGCTAGCTTCGCA-1,15631,8319
ATAGGGATATCCTTGA-1,12196,7389
ATAGGTTGGGCAGATG-1,11265,8997
ATAGTGAAGCGTTCTC-1,10331,11986
ATATCTCCCTCGTTAA-1,14313,6935
ATATCTTAGGGCCTTC-1,10864,10607
ATATGGGATAGCAACT-1,10047,18888
ATATGTGCACAAACCA-1,18551,4646
ATATTCAGTTAAACCT-1,8081,12670
ATATTTAACCCTCAAG-1,10073,9684
ATCAAACGAAGGTTTG-1,7152,13818
ATCAATCTGGGCTGCA-1,11394,10148
ATCACATTAGAATATC-1,13651,7163
ATCACGTGCTAATTAA-1,7550,13128
ATCACTTCATCCTCGC-1,11667,7388
ATCAGACGGCACGCCG-1,8345,12671
ATCAGGTCGCCATTGC-1,15246,4407
ATCAGTAGGCAGGGAT-1,14310,7855
ATCATAGATCGACGAG-1,8590,19574
ATCATCCAATATTTGT-1,10597,11526
ATCCAATGGAGGGTCC-1,6362,12435
ATCCACTTTCAGACTA-1,18024,4184
ATCCAGAGCAACAACC-1,9664,14055
ATCCAGGATTCGTGAA-1,8877,11752
ATCCTACCTAAGCTCT-1,9139,12673
ATCCTGCGTGGAATGG-1,9006,12903
ATCGACCCAATACAGA-1,11123,12448
ATCGACTCTTTCCGTT-1,10872,7846
ATCGCACGCCGGGAGA-1,10341,8304
ATCGCTGCGTGCAGCA-1,17484,7865
ATCGGCAAGCAGTCCA-1,15502,7169
ATCGTGGAAAGTCTGG-1,5820,17035
ATCGTTCACTTTCGCC-1,15244,4867
ATCTCCCTGCAATCTA-1,12331,6239
ATCTGACATGGAAGGA-1,8200,17042
ATCTGCACCTCTGCGA-1,16158,9241
ATCTGCTGTTATCGCC-1,10314,17969
ATCTGGTTAAGACTGT-1,12853,8542
ATGACGCGTTCTATCC-1,6753,14507
ATGACTATCAGCTGTG-1,8465,17043
ATGATGCAATGGTACA-1,9403,12674
ATGCACTACCGCATTG-1,8753,8760
ATGCATGATCCAGGAT-1,11399,8307
ATGCCAATCGCTCTGC-1,16696,6021
ATGCCGGTCTTGCATA-1,12718,9692
ATGCCGGTTGATGGGA-1,13784,6933
ATGCGACAATTGGTCC-1,17226,5563
ATGCGACAGTCCCATT-1,12186,10611
ATGGAACAGAATAAAC-1,17895,3033
ATGGACTGCTTAGTTG-1,7928,19803
ATGGAGCAGGCCGTGA-1,11524,10839
ATGGATCCGGCGTCCG-1,13255,6932
ATGGATTGACCAAACG-1,10869,8766
ATGGCTGGAAATGGCC-1,15113,4636
ATGGGACCTGCTGAAC-1,6879,16578
ATGGGTGTATACCTCC-1,5952,17266
ATGGTTACGAAACATG-1,18156,3955
ATGTCTTGTTTGACTC-1,7267,19571
ATGTGCATCCGACGCA-1,10343,7844
ATGTTGTAGTCTGTTT-1,8993,17505
ATGTTTGTAAGATCAT-1,16572,3030
ATTAAACATGCGGACC-1,10594,12447
ATTAATACTACGCGGG-1,11534,7617
ATTAATGAACCAGTCG-1,13252,7852
ATTACAACTACCGGCC-1,14318,5094
ATTACGACTCCACAGT-1,18809,6948
ATTACGCGCTGGCAGG-1,6761,11746
ATTACTTACTGGGCAT-1,16030,7630
ATTAGATTCCTCAGCA-1,16689,8322
ATTAGGCGATGCTTTC-1,12185,11071
ATTATACTTTGCTCGT-1,13123,6701
ATTATGCTCAGTATTG-1,18951,3497
ATTATTATGTCCGTCA-1,7674,16120
ATTCAGATGAATCCCT-1,17499,2802
ATTCAGGACCTATTTC-1,15767,7169
ATTCATATACTGTCCA-1,10724,13138
ATTCCTAAGACGTGGA-1,16960,6022
ATTCGCAGAGGACACT-1,19474,5799
ATTCTTCGTACTTATG-1,14319,4634
ATTGAAGATCTTAGTG-1,9280,9682
ATTGACCGGCGATGAC-1,17883,7175
ATTGATGAGTCCTAAC-1,15890,10161
ATTGCCTATTAGACCG-1,6082,17956
ATTGCTGCTCCTCCAT-1,8483,10600
ATTGGGAGTTCTGTAA-1,17891,4414
ATTGTCGCAATACCTT-1,14051,6014
ATTGTCTGTTTCATGT-1,9782,18888
ATTGTGACTTCGCTGC-1,17227,5103
ATTTACAGTTTACTGG-1,7826,9448
ATTTCATTATTTCGCG-1,13126,5781
ATTTCCGGGTTCTGCG-1,7412,15199
ATTTGCGCGAGTAGCT-1,6885,14737
ATTTGTTCCAGGGCTC-1,12197,6929
CAAACGAGTATCGCAG-1,9005,13363
CAAACGGTCGCACTTT-1,8090,9448
CAAACTACGATAGAGA-1,13921,5323
CAAAGATTATTGGGCC-1,6750,15427
CAAAGGTTAAATTCAG-1,18025,3724
CAAATGTCCTTCCGTG-1,9799,12905
CAAATTGGATTATGCC-1,18146,7636
CAACGCGATGAGCCAA-1,7532,19571
CAACTATATCGAATGC-1,13257,6012
CAACTCCGTAACTTGC-1,18549,5567
CAACTGAGGGTATGAC-1,18683,4877
CAACTGCTCATCCGAT-1,10055,16127
CAAGAAACCCTAAACT-1,18817,4187
CAAGCAACGTCGGAGT-1,7824,9908
CAAGCACCAAATGCCT-1,11536,6697
CAAGGATCGCATGTTC-1,11786,11760
CAAGTAAGTGATAGAC-1,9783,18427
CAAGTCGTTGAAATCT-1,9118,20036
CAATAAACCTTGGCCC-1,12589,8541
CAATATGTAGATTTAC-1,16702,3720
CAATATTCTTGACCTA-1,8074,14971
CAATCCCTATACCAGC-1,14450,5325
CAATGGAATCTACATA-1,14848,4635
CAATGGATCTCTACCA-1,14175,9006
CAATTAAGGGTGATGA-1,11397,9228
CAATTTCGTATAAGGG-1,11127,11068
CACAAGAAAGATATTA-1,17622,5794
CACAATGAGCTGCTAT-1,9405,12213
CACACGCGCTGTCTTA-1,14568,10157
CACACTTGTATTGCGA-1,18154,4875
CACAGCACCCACGGCA-1,10602,9686
CACAGCTAGGGAGTGA-1,10742,7155
CACATCGTGCACGCGC-1,7806,16351
CACATGATTCAGCAAC-1,11259,11298
CACATTCTTTCGATGG-1,14710,6706
CACCAGTCAGCATGCA-1,5690,16345
CACCATGATCGCAAAG-1,17888,5335
CACCCACGAGGCAATT-1,14180,7165
CACCCGGTTTGTGACT-1,7943,14740
CACCGATACACCGAGC-1,13922,4863
CACCGCCAGAAGGTTT-1,10605,8765
CACCGCGTCCACTCTA-1,16563,6251
CACCGGAGATATCTCC-1,15114,4176
CACCGTTAGGGATCAC-1,7678,14740
CACCGTTGCGCGATAT-1,6624,13356
CACCTAATCAGTTTAC-1,12328,7159
CACCTCGATGGTGGAC-1,12065,6698
CACCTCTACGAGTGTG-1,18425,2575
CACCTTGCGAAACTCG-1,13913,8084
CACGACGTAATAGTAA-1,16834,3951
CACGAGCAAACCAGAC-1,5681,19566
CACGCACAGCGCAGCT-1,12326,8080
CACGCAGCGAGGCTTT-1,8486,9680
CACGGCGCGCCAAAGG-1,16431,6021
CACGTCGGCAACCTCT-1,7681,13819
CACGTCTATGATGTGG-1,15379,4177
CACGTTCGTGCTCTAG-1,13507,11075
CACTAAAGTTGCCTAT-1,9541,10603
CACTCAAGAGCTATGG-1,10332,11526
CACTCCTATGTAAGAT-1,7544,15430
CACTCCTCTCGGTCGG-1,14315,6015
CACTCTCAAGCATCGA-1,8990,18425
CACTGACGATTGTGGA-1,9522,17506
CACTTAATCAGACGGA-1,9145,10372
CAGACACCGATCGCTG-1,9530,14745
CAGACCTGTAAGTGTT-1,15892,9701
CAGACGAACCTGATAC-1,9399,14054
CAGAGACGGTCACCCA-1,10324,14287
CAGAGCATGAGCTTGC-1,12060,8539
CAGAGGCGATGCATGA-1,9132,14974
CAGATCATTTAAAGTC-1,17088,7633
CAGCAGCCCGTTCCTT-1,13117,9003
CAGCCGGGCCCTCTAT-1,14054,5093
CAGCCTCCTGCAGAGG-1,12988,7852
CAGCCTCTCCTCAAGA-1,15373,6018
CAGCGATTCCCTTCAA-1,8472,14742
CAGCTCACTGAGACAT-1,10601,10146
CAGCTCGACAAGTTAA-1,14704,9007
CAGCTCTGGGCTCACT-1,7400,19341
CAGGAAGACTTTATAT-1,14052,5554
CAGGATATATCGTTGT-1,10726,12677
CAGGCCGTTTGGGTGT-1,8481,11520
CAGGCGCACGGTGGTC-1,6486,15426
CAGGGAGATAGGCCAG-1,5152,19565
CAGGTTTAGTACTACA-1,19342,5569
CAGTAACTATTTATTG-1,16164,6940
CAGTACATTCTCTAAA-1,16296,7171
CAGTAGCCCACGCGGT-1,14838,8317
CAGTCCAACGCCTTCT-1,18684,4416
CAGTCGAGGATGCAAT-1,15896,8320
CAGTCTGTATACTGGG-1,11520,12219
CAGTGAATAAATGACT-1,13780,8314
CAGTTCAAATTGACAC-1,9545,9222
CAGTTCGAGGACCCGA-1,9254,18426
CATACACGGTTCCCAC-1,10053,16587
CATACGAACTAGCTGG-1,6877,17499
CATACGGCGTCTGGGC-1,11126,11528
CATACTATGTAATTGT-1,9144,10832
CATACTTCTTTCTCCG-1,9652,18197
CATAGCGTTGCCCACC-1,8339,14972
CATAGGGACACTTGTG-1,5548,19796
CATAGTACATTGAGAG-1,12993,6011
CATAGTCCACAAGAAC-1,6890,12896
CATATACTACTGATAA-1,16297,6711
CATATAGGTACAGTCA-1,10065,12445
CATCAAACTGGCGCCC-1,18283,6026
CATCGGACGGGTTAAT-1,10462,12216
CATCTACCCGAGAACG-1,17627,3953
CATCTATCCCGTGTCT-1,16033,6710
CATGAGTCCATCACGG-1,7135,19800
CATGATGCACAATTCT-1,11931,7388
CATGCACATGAGAGGC-1,5549,19336
CATGCGACCAGTTTAA-1,15763,8550
CATGCGTTGAGAGGAG-1,8856,19115
CATGGAAATGGGACCA-1,16570,3950
CATGGGTCGGGTGTGG-1,14047,7394
CATGGTAAGTAGCGTT-1,12444,12912
CATGGTCTAGATACCG-1,11531,8538
CATGTAGGAGCGCCAA-1,17489,6024
CATTACGTCGGCCCGT-1,11403,6927
CATTATCCCATTAACG-1,6875,17959
CATTATGCTTGTTGTG-1,9680,8532
CATTTAGCGGACCATG-1,14044,8315
CATTTGAGTGGTACGT-1,9135,14053
CCAAATCAAAGGGCAA-1,5682,19106
CCAACCTTATGTAACT-1,8198,17963
CCAACGATGCACTGAT-1,7693,9677
CCAACGCTTGCCAGGG-1,16038,4869
CCAAGAAAGTGGGCGA-1,9662,14515
CCAAGACTTCTGCGAA-1,11006,7156
CCAAGCGTAACTCGTA-1,12188,10150
CCAATAGTGCCGTCGA-1,8352,10369
CCAATCGGTAGATCGA-1,13919,5783
CCAATGTCACAGCAAG-1,9276,11062
CCAATTACGGGTCGAG-1,15106,6937
CCACAATGTACGTCTT-1,14042,9235
CCACACTGAGATATTA-1,9274,11523
CCACCAACTTTACTGT-1,8075,14511
CCACCCAAGGAAAGTG-1,12714,11072
CCACGAGAAGAGAATC-1,12727,6470
CCACGGAGCCATAAGA-1,6360,13355
CCACGGCAGGTGTAGG-1,6873,18879
CCAGAAAGCAACTCAT-1,7547,14509
CCAGATAGTTGAGTGA-1,13910,9005
CCAGATGTAAATGGGT-1,19074,6949
CCAGCCTGGACCAATA-1,11392,11069
CCAGGGACGTGGCCTC-1,9811,8763
CCAGTAGTCTGATCCA-1,14836,8777
CCAGTCTAGACGGCGC-1,14177,8085
CCAGTCTTGTCATAGA-1,10584,16129
CCATAAACAACCCGAC-1,12861,5780
CCATACCTTTACTTGT-1,16289,9472
CCATAGGTTGGCGTGG-1,11007,6695
CCATCGCAGTTAAACT-1,10986,14059
CCATGCCTGTTTAGTA-1,9806,10604
CCATGGCAAACGCTCA-1,8061,19573
CCATGTTCATCTATAT-1,6478,18188
CCATTAGCGATAATCC-1,8353,9909
CCATTCCCTGCCCACA-1,7956,10138
CCCAAACATGCTGCTC-1,14435,10387
CCCAACATACGTCGCG-1,7420,12438
CCCAATGAGATTTGCA-1,8070,16351
CCCAATTTCACAACTT-1,7158,11517
CCCAGAGGAGGGCGTA-1,16692,7402
CCCAGATTCCCGTGAC-1,7795,20032
CCCGACCATAGTCCGC-1,12593,7160
CCCGCAGCGCGAACTA-1,11648,13831
CCCGCAGGGCCCAAAG-1,13260,5091
CCCGTAAGTCTAGGCC-1,6496,11745
CCCGTAGCTGGGAAGA-1,7940,15661
CCCGTCAGCGTCTGAC-1,9549,7842
CCCTATGTAGAGCAGA-1,5954,16345
CCCTCAGATCGAGAAC-1,6211,19107
CCCTCGATAATACACA-1,6610,18418
CCCTGAAATGAGTTGA-1,7957,9678
CCCTTTGACAGGTCTT-1,10193,14056
CCGACGGGCATGAGGT-1,6223,14966
CCGACGTAAACACAAC-1,15639,5558
CCGAGCTGTGCTTGTC-1,17620,6714
CCGATCTTAAGAGGCT-1,18947,4877
CCGCACAAAGACCAAC-1,12847,10843
CCGCCTGCGAATTGGT-1,15638,6018
CCGCGGAATGCGTCAC-1,8737,14282
CCGCTATCAGCACCAG-1,11122,12909
CCGCTTACCTCACTCT-1,7418,13358
CCGGAGCGTACTTTCT-1,10187,15897
CCGGAGGTCTTATGGT-1,18413,6717
CCGGGCGGTCTCGTCA-1,12849,9922
CCGGGCTAAGAATTTC-1,5419,18645
CCGGGCTGCTCCATAC-1,14169,10846
CCGGGTTCGAGGTTAC-1,7027,11286
CCGGTTTGTAATTGTG-1,8337,15432
CCGTAAGTTGGTCCCA-1,12981,10153
CCGTATCTCGTCGTAG-1,6356,14736
CCGTATTAGCGCAGTT-1,17488,6484
CCGTGGAACGATCCAA-1,16822,8093
CCGTGTTAAATTCCAT-1,7549,13589
CCGTTACGTTAGAACA-1,14444,7165
CCGTTTCCTTTCCGTG-1,8853,20035
CCTAAAGGCTGACGCT-1,13655,5783
CCTAAATTAACGGTTC-1,11785,12220
CCTAACTAAGGCTCTA-1,15105,7397
CCTACAAGTCCGGAAT-1,16700,4641
CCTACATTCACAGACG-1,7150,14278
CCTACTGCTTACACTT-1,9282,8761
CCTAGGCGTAGCGATC-1,14434,10847
CCTATACCGTCCTGTC-1,8735,15203
CCTATATTTGTCCTGG-1,9656,16816
CCTATCTATATCGGAA-1,12990,6931
CCTATGGCTCCTAGTG-1,5953,16806
CCTATGGGTTACCGTC-1,11926,9229
CCTCACCTGAGGGAGC-1,16290,9012
CCTCACCTTAGCATCG-1,15630,8780
CCTCGAAGTGGACGGG-1,12200,6009
CCTCGCCAGCAAATTA-1,12594,6700
CCTCGCGCGATATAGG-1,15369,7398
CCTCGCGCTGTGCGAT-1,10585,15668
CCTCGGTTTCCTTGCC-1,7799,18652
CCTCGTTACGCCTGTT-1,17231,3722
CCTCTAATCTGCCAAG-1,12459,7850
CCTCTACAAGGATTGG-1,6346,17957
CCTCTATCGATTAGCA-1,6224,14505
CCTCTCTCCCATCTAG-1,7558,10367
CCTCTGGCCTAGACGG-1,12728,6010
CCTCTGTACTATTCTA-1,10852,14749
CCTGAACGATATATTC-1,14036,11076
CCTGAATATTTACATA-1,12194,7849
CCTGACCACCGATGGT-1,10857,12908
CCTGAGAATAAATGCA-1,7137,18880
CCTGCTATTTGAGAAG-1,9415,8532
CCTGGCTAGACCCGCC-1,8487,9219
CCTGTAAGACATGATA-1,8218,11059
CCTGTCACCCGGGCTC-1,11661,9228
CCTGTCGCCCGTAAAT-1,10995,10837
CCTGTGCGGATTGTAA-1,15910,3258
CCTGTTCAACCTCGGG-1,9518,18887
CCTTCAGTTAAAGTGA-1,8995,16584
CCTTCTTGATCCAGTG-1,12461,6930
CCTTGTGAACGTGGTT-1,9120,19116
CCTTTAAGGGAGCACT-1,9394,15895
CCTTTCAATGAAGAAA-1,15367,8319
CGAAACGCAATTCATG-1,7157,11977
CGAACATAGTCAGAAA-1,18022,4645
CGAACCCGCATGCGTC-1,9268,13824
CGAACCTCTTTCCTAG-1,5417,19105
CGAAGCTATAAATTCA-1,16693,6942
CGAAGTTGCTCTGTGT-1,7427,10137
CGAATCTGCTCGACGC-1,5688,16805
CGAATGGTAGGTCGTC-1,6607,19339
CGACACCGCTTAAGGA-1,18418,4876
CGACACGGATGCCCAC-1,19610,4189
CGACAGTTCGCGTTAT-1,8351,10830
CGACCGTTGGTATTCG-1,6341,19798
CGACTCAGGATGTTAT-1,14575,7856
CGACTCGGTACACGGT-1,19079,5108
CGAGACCCTAGAGTGT-1,10859,12448
CGAGAGATGTGAACCT-1,12455,9231
CGAGCTGGGCTTTAGG-1,11669,6467
CGAGGCTAAATATGGC-1,12190,9230
CGAGGGACTGCGGTCG-1,13110,11304
CGAGTACTAAAGAGGA-1,7419,12898
CGAGTGAAGGTACCAG-1,6619,15197
CGAGTTCTGTCCCACC-1,14043,8775
CGATAACCAATTTGAG-1,19214,3958
CGATACCTCGCGGACA-1,9141,11752
CGATCATTAGAGGCAC-1,18946,5338
CGATCCACCATTGTTG-1,9914,19118
CGATCCGACCCAGTGC-1,9407,11293
CGATCCTCGCAACATA-1,8066,17732
CGATGGACCCTACGCC-1,15501,7629
CGATTTGTCATTAATG-1,6077,19797
CGCAATTAGGGTAATA-1,8620,8990
CGCACGTCTGTTTATG-1,7007,18189
CGCATCATGGCTTCAG-1,14055,4633
CGCATGGTGCGATGCT-1,11522,11759
CGCATTAGCTAATAGG-1,10340,8764
CGCCATCCGATTATGA-1,13384,8083
CGCCCAGCACGCCTAG-1,9526,16126
CGCCCGCTTCCGTACA-1,13388,6702
CGCCGCCCATGCCTGT-1,13771,11536
CGCCGCGTTCTGAACG-1,8723,19345
CGCCGGTGTCGCAGTA-1,19609,4649
CGCCTCCCTCCTCTAT-1,12445,12452
CGCCTGGCCTACGTAA-1,6364,11975
CGCGAGAGGGACTTGT-1,17092,6253
CGCGCAAATGTCCAGA-1,5957,15425
CGCGCATGTTTGATTG-1,9928,14056
CGCGCCCGACTTAATA-1,12725,7391
CGCGGGAATTAGGCAG-1,13381,9003
CGCGGTCACAAACCAA-1,16826,6712
CGCGTACATTCTGGAA-1,18685,3956
CGCGTTCATGAAATAC-1,9547,8762
CGCTACGGGACATTTA-1,9143,11292
CGCTATCGTGGCTTTA-1,19480,3498
CGCTATTCTTAGGCTC-1,10730,11297
CGCTCTCCGTAGATTA-1,7691,10137
CGCTGTGTGGATGTTG-1,8468,16122
CGCTTAGTATTGATAC-1,9653,17737
CGCTTATTCCCGGTCG-1,6760,12206
CGCTTTCTTGCATTCG-1,14040,9696
CGGAAAGAATCAAACG-1,9129,15894
CGGAACGTAAACATAG-1,8740,13362
CGGAGCAATTTAATCG-1,10719,14978
CGGAGCATGGCGATCC-1,11655,11530
CGGAGCTTATAACACC-1,14186,4864
CGGATGAATGCTGTGA-1,5683,18646
CGGATTCTGCCTTATG-1,6604,20259
CGGCACCGTTAGCGCC-1,14583,5095
CGGCAGGGTCGGGTTG-1,15230,9929
CGGCCACGCACAAAGT-1,10599,10606
CGGCCAGAGCGACCAT-1,9256,17966
CGGCTCTTCGTCGAAC-1,14188,4403
CGGCTGAAGGTTACGC-1,18292,2805
CGGGAATTTATGTAAA-1,11386,12909
CGGGATCAATGTAAGA-1,10607,7845
CGGGCAGCTAAACCGC-1,10205,9915
CGGGCCTTCTTTGTAA-1,10066,11985
CGGGCTACTTAAATTG-1,18818,3726
CGGGTGTACCCATTTA-1,14172,9926
CGGGTTCGGCACGTAT-1,16966,4181
CGGTAGAGGTGCAGGT-1,14972,7627
CGGTATAGGTATTAGC-1,15905,5099
CGGTCAAGTGGGAACC-1,13382,8543
CGGTCCATGAGACTCC-1,18412,7177
CGGTCCGTCGCAAGCC-1,9523,17046
CGGTCTATCAACCCGT-1,13652,6703
CGGTGCAGATAGAACG-1,7553,12208
CGGTGCGCGTTGGTCC-1,7945,13820
CGGTGGGCTCCAGCCT-1,15902,6019
CGGTTATCCAACAGTG-1,15760,9470
CGGTTCAAGTAGGTGT-1,15764,8090
CGGTTGAGTATCCTTC-1,6744,17728
CGGTTGGGTTCAAGTT-1,16039,4409
CGGTTTATGAAGGAAC-1,16567,4871
CGTAAAGCAAGAAATC-1,6477,18648
CGTAACGGAACGATCA-1,18821,2806
CGTAACTTCGACACTT-1,9387,18196
CGTACCTGATAGGCCT-1,11798,7618
CGTATTAAGAGATCTA-1,9940,9914
CGTCACGTCCATTGGT-1,9533,13364
CGTCGCTTGGTTATAC-1,6085,17036
CGTCGGATAGTGTTGA-1,15493,10390
CGTCTCTCGCCGAGGC-1,19612,3729
CGTGAAGTTAATTCAC-1,10199,11755
CGTGACATTGGGTCGT-1,13786,6013
CGTGACCAGTCCTCTG-1,10052,17047
CGTGCAGACTGGGACA-1,12580,11762
CGTGCATTGTCGACGC-1,6894,11516
CGTGCCCTCCCGAAGA-1,12974,12454
CGTGCTTCTACCTAAA-1,6482,16807
CGTGGTACCCAAAGGC-1,8331,17733
CGTGTCTCGTTACGAC-1,7277,16349
CGTTAGCTCACAACTG-1,14713,5786
CGTTCAAGGAAACGGA-1,8857,18655
CGTTCTTCGCACACCT-1,17222,6943
CGTTGAGCGACCGTCG-1,12577,12683
CGTTGAGTAATTGCGT-1,16169,5099
CGTTGCCCGCGTGGGA-1,8728,17504
CGTTGTAAGATTGATT-1,17085,8554
CGTTGTTTCAATTCCC-1,8087,10369
CGTTTACAAGGCAGCT-1,18279,7407
CGTTTCACTTCGGGCG-1,14975,6707
CGTTTCGCTCATTACA-1,9277,10602
CGTTTGTGTAGAGGGT-1,8206,15201
CTAAAGAATGCCTACT-1,7557,10827
CTAAAGGGAAATAGGA-1,10990,12678
CTAAATCCGGTGTACA-1,7408,16580
CTAAATCCTATTCCGG-1,13911,8545
CTAACCGCGCGCCCGT-1,7424,11057
CTAACGAAACTTGCTG-1,15231,9469
CTAACTGGTCCGGTTC-1,7548,14049
CTAAGGGAATGATTGG-1,12313,12682
CTAAGTACAGGGCTAC-1,16305,3949
CTAATTATGAAGCGTA-1,18814,5107
CTAATTCTCAGATATT-1,16688,8783
CTACAAGAAATAACCC-1,8072,15891
CTACCCTAAGGTCATA-1,14834,9698
CTACGCACGGAGTACC-1,10335,10605
CTACGCCATTTCCGAT-1,13392,5322
CTACTATCATAGGTTT-1,6091,14735
CTACTATCTTTCAGAG-1,15100,9238
CTACTCAAGGTATAGT-1,8335,16352
CTACTGCCACCTGACC-1,11134,8767
CTAGACATATATGTAG-1,17097,4412
CTAGACTGCATTTCGT-1,15509,4867
CTAGATTTACGACGGC-1,12578,12222
CTAGCATAGTATAATG-1,11526,10379
CTAGCCCGGGAGACGA-1,7662,20262
CTAGCCGATGTTATGA-1,16162,7861
CTAGCGCCAATCCTAC-1,17896,2573
CTAGGGATAGGGACAA-1,8460,18884
CTAGTATTCGGAATTA-1,13390,5782
CTAGTCACGTCTTAAG-1,11920,11070
CTAGTGAAGGACAGGA-1,7823,10368
CTAGTTGGGCCCGGTA-1,11796,8539
CTATAAGAGCCAATCG-1,16027,8551
CTATAGGCGTTGATGT-1,7804,16811
CTATATCCAGCCTGGC-1,6874,18419
CTATCGGGTCTCAACA-1,11922,10610
CTATGAACACCTTGCC-1,6475,19108
CTATGTCACTAGCCCA-1,11528,9458
CTATTCATGTGTCCCA-1,10985,14519
CTATTGTGTTTGGTCA-1,16168,5560
CTATTTGGTTACGGAT-1,13640,10845
CTCAAACCACTGCCCG-1,8068,17272
CTCAAGACATTAGCGC-1,16300,5790
CTCACACGCAAGCCTA-1,18942,6718
CTCACCGATCCAAACT-1,18420,4416
CTCAGCAGACTGCCGA-1,17630,3033
CTCAGTCACGACAAAT-1,15500,8089
CTCATGGTAATTTGCG-1,6225,14045
CTCATTTGATGGGCGG-1,11005,7616
CTCCGAGTAAATCCGC-1,19085,2807
CTCCGCCCACATGAGG-1,7949,12439
CTCCGGCCTAATATGC-1,10610,6924
CTCCTAGTAATCGTGA-1,5944,20027
CTCCTCCAGCTCACAC-1,9391,16815
CTCCTTTACGCAAGTC-1,17220,7864
CTCGAATGGAACGTAT-1,16041,3949
CTCGAGGCAAGTTTCA-1,7004,19110
CTCGAGGTCGAACAGT-1,10603,9225
CTCGATATTTGCGAGC-1,15897,7860
CTCGCACCTATATAGT-1,11797,8078
CTCGGGTTCTCTGGCC-1,6350,16577
CTCGGTACCACTGCTC-1,13505,11995
CTCGGTTGTCGGCCCT-1,6221,15426
CTCGTTACGGCTACCA-1,8064,18653
CTCGTTTCTAATGTTT-1,16559,7632
CTCTAATGCATTGATC-1,17351,8094
CTCTATTTGGCTGCAG-1,11781,13601
CTCTCACAATCGATGA-1,12056,9920
CTCTGCAGGCATTCTT-1,5815,18876
CTCTGGACGCCTGGTG-1,10998,9917
CTCTGTTTGAGGATTC-1,12332,5779
CTCTTCTGGAAGTTAG-1,8069,16812
CTCTTGTCCCGCTTGG-1,10455,14978
CTGAAACGGCCCTCAG-1,18554,3726
CTGAAAGAGATCCGAC-1,11932,6928
CTGAATCCGAGACCTC-1,9798,13365
CTGAATTTATTGCCAG-1,16823,7633
CTGACTGCGCAGCTCG-1,16156,9702
CTGATCCCTTTATGCA-1,6608,18878
CTGCCAAGGTTGGAAG-1,12989,7391
CTGCCATGCATCACAT-1,10993,11758
CTGCCTTTAATACCTT-1,6481,17267
CTGCGGTAGTCACGTG-1,14980,4866
CTGCGTTACGATATAA-1,14711,6246
CTGCTGAGGCCACGAA-1,7416,13818
CTGCTTTATGTCCGCG-1,17618,7175
CTGGAAATGGATGCTT-1,9810,9223
CTGGATTTACACTTGA-1,10061,13826
CTGGCATCCGAATGAG-1,6227,13585
CTGGCGACATAAGTCC-1,13521,6473
CTGGCGCACAGGTCTG-1,14565,11078
CTGGCTGGTTGTCAGT-1,10190,14977
CTGGGATAAATAATGG-1,13903,11306
CTGGGCCTGCTATATC-1,6758,12666
CTGGGCTATCCTTTGG-1,17098,3952
CTGGGTAGGCAGTTAA-1,13239,12454
CTGGTAACGAGCTCTT-1,15629,9240
CTGTACTTCTTAGCAT-1,9539,11523
CTGTAGCCATCTCACT-1,8866,15433
CTGTAGTGAGGATCGA-1,8461,18424
CTGTCAAATGGCTCGG-1,13781,7854
CTGTCACGCCAGGCGC-1,15773,4868
CTGTGCAGGGTAGGTC-1,12049,12221
CTGTTACCCAATCTAG-1,10459,13597
CTGTTCACTGCCTGTG-1,10211,7614
CTGTTGTTCAGTCGTA-1,5553,17955
CTTACACGGTATTCCA-1,8751,9680
CTTAGCCTTCCACATG-1,13121,7622
CTTAGTTGAGGAATCG-1,7140,17960
CTTCACGCCCTGGTAC-1,5550,18875
CTTCATTGTCAGTGGA-1,10731,10837
CTTCCGCTCCGTGAAG-1,9395,15435
CTTCCTGCATATTTAC-1,16571,3490
CTTCGTAGATAGGTGA-1,8745,11521
CTTCTATGTTGAAGTA-1,6493,13125
CTTCTATTAATGCTAG-1,9002,14283
CTTCTGGGCGTACCTA-1,7273,17730
CTTGCCCAGGCTCTAC-1,10064,12906
CTTGGCCAAGCTGGGA-1,10318,16588
CTTGTCAACATTCGAG-1,11515,14060
CTTGTGCTCACCGATT-1,15236,7628
CTTGTTGCTGAGTCAA-1,13375,11304
CTTTAACTTTCAAAGG-1,11665,7848
CTTTAGTGCTATTATT-1,11255,12679
CTTTGGCAGACAGAGT-1,17760,3723
CTTTGGCTTTAGTAAA-1,8089,9909
CTTTGGGATTGTTGCA-1,8598,16813
GAAACCATGGTGCGCT-1,17217,8784
GAAACCGAATTACCTT-1,9535,12904
GAAACCTATACAAATG-1,9657,16356
GAAACTCTAATGAAGG-1,12465,5549
GAAAGCAGTGCACTTT-1,9924,15436
GAAATATGCTTGAATG-1,17356,6253
GAAATCGCGCGCAACT-1,11801,6698
GAAATGGCGGTGTTAG-1,9677,9453
GAAATTAGCACGGATA-1,15504,6708
GAAATTGTCTCTATAA-1,9801,12445
GAACATTAGTATGTTA-1,18945,5798
GAACGACCGAATGATA-1,11139,6926
GAACGGTGTAAAGCAG-1,17364,3492
GAACGTCTCATGGTCG-1,14305,9696
GAACTTAGCGCCCGGT-1,16173,3719
GAACTTGTGCACGGGA-1,19206,6719
GAAGAAACGATATTGT-1,6616,16117
GAAGCGTGAGGAATTT-1,10732,10376
GAAGTCAGTTGCACTA-1,10456,14517
GAAGTGATTTATCGTG-1,9010,11522
GAAGTTTCCACTCAAT-1,8880,10831
GAATAGCCCTGCGGTC-1,17355,6714
GAATAGTGCTCGATTA-1,7541,16350
GAATATTCGGAGTCCC-1,13788,5553
GAATCTGAACATTCTC-1,11256,12219
GAATGAAGGTCTTCAG-1,18281,6486
GAATGTATGGCAGGTC-1,14844,6016
GAATGTTGGGTAATCT-1,11930,7849
GAATTATAGTGAAAGG-1,11790,10379
GAATTATGCAACCTAC-1,19482,3038
GAATTCACCCGGGTGT-1,10062,13366
GACAACGACCATTGAA-1,12986,8312
GACACAAGGGAAGAAA-1,12322,9460
GACACCCAAAGACGCG-1,7664,19802
GACACTGAGTTCAGTG-1,8874,12672
GACATCGATTTATAAC-1,9398,14514
GACCAGAGCCCTGTAG-1,9015,9681
GACCGTCAGGTCGTGA-1,13523,5552
GACCGTGCTGACGGTG-1,9670,11754
GACGATATCACTGGGT-1,7269,19110
GACGCCGTAAAGGCTA-1,9926,14976
GACGCTTGCTTCTAAA-1,7556,11288
GACGGGTTGGCCCGTA-1,9524,16586
GACGGTCAATAGAAGC-1,16025,9471
GACGTTGCTCGGCGGC-1,6871,19339
GACTAACACAGCACCT-1,14717,4405
GACTAAGATCATGCAC-1,9814,7843
GACTCGCGGGAATGAC-1,15497,9009
GACTCGGTCGGCGGAT-1,16964,4642
GACTGATTGGTCACAA-1,16171,4639
GACTGCTGGTGAGAAA-1,7933,17962
GACTGGGCGCCGCAAC-1,15247,3946
GAGACCCTGCAACGCC-1,17492,5103
GAGACTGATGGGTAGA-1,10207,8994
GAGACTTCGCGACCGA-1,10323,14747
GAGAGGGCGCGAGGTT-1,8085,11289
GAGAGGTGCATTCTGG-1,6494,12665
GAGAGTCTCGGGAGAG-1,8062,19113
GAGATCTGCTTGGCAT-1,8616,10370
GAGATCTGTCACTCCG-1,12586,9461
GAGCATCAACAACTTG-1,6745,17268
GAGCCGAGCGTTTATT-1,16962,5562
GAGCGCTGTTAGGTAA-1,5821,16575
GAGCGGAATGCGGTGT-1,9123,18195
GAGCTAAGGGCATATC-1,13777,9235
GAGCTGTCGTCTCGGA-1,17089,7173
GAGGAATATCTCTTTG-1,8724,18885
GAGGCATTTGCAGCAG-1,18679,6257
GAGGGAGTCAGATCGC-1,8199,17502
GAGGGCCATAATATTA-1,18941,7178
GAGGGCCGGCAGAGTC-1,19479,3958
GAGGGCGCAGCTCTGC-1,14572,8777
GAGGGTAGTAACAAAG-1,6878,17038
GAGGTCCGTTCGCTGT-1,7266,20031
GAGGTCTTAGTGGGTC-1,15381,3256
GAGTATACCCTAATCA-1,6741,18649
GAGTATGCCCGCCTTG-1,8474,13821
GAGTCAGACCAGAATC-1,9131,15434
GAGTCCGCTTACCGGA-1,10460,13137
GATACGATGGGAGTCA-1,8741,12902
GATAGGTAACGTTGAC-1,10723,13598
GATAGTGCGAGTAAGT-1,8594,18194
GATATGAGACACTAAC-1,13506,11535
GATATGCGGTAGCCAA-1,14842,6937
GATATTTCCTACATGG-1,14579,6476
GATCAACATAAAGGGA-1,7540,16810
GATCATTCCAAACATT-1,10206,9454
GATCCCTTTATACTGC-1,10736,8996
GATCCGGGAATTAACA-1,12448,11532
GATCCTAAATCGGGAC-1,15365,8779
GATCCTCGACACTGGC-1,7019,14047
GATCGACACTATCTGA-1,9018,8761
GATCGCGGGCTCTCCA-1,9673,10834
GATCGCTATATCTCAG-1,6086,16576
GATCGGTGGCCATAAC-1,11794,8999
GATCGTGACTGATATC-1,12317,11301
GATCTGCTATCTAAGG-1,10185,16818
GATCTTAGTGAACGTG-1,19613,3269
GATCTTGGAGGGCATA-1,12048,12681
GATCTTTGCAGGGTAT-1,7822,10828
GATCTTTGCTCAAAGA-1,18681,5337
GATGACAAGTAGGGCA-1,7146,15658
GATGACGATGATCGCG-1,17751,6945
GATGCGTCCTGCATTC-1,10334,11066
GATGCTGTATTTCATC-1,12710,12453
GATGGTGAAATAACCC-1,18421,3955
GATGTTCAATCCACGA-1,8479,11981
GATTACTGAATTTGGG-1,7951,11979
GATTAGAAACAAGCGT-1,8722,19805
GATTCCCTTGTCGCAG-1,11664,8308
GATTCCGCGTTTCCGT-1,12860,6241
GATTCGACGGTTCACG-1,12182,11991
GATTGCTCCAGTTGCA-1,6349,17037
GATTTAGTGCGTACTG-1,19605,6030
GATTTGCGCTAACACC-1,9515,19807
GCAAATATTACGCTTT-1,8219,10599
GCAACCACCAGACCGG-1,14977,5786
GCAACCACGGCCGCGT-1,6627,12435
GCAAGAATTCCTTGGC-1,7552,12668
GCAAGATGTGTTCGCG-1,16698,5101
GCAAGTGTAAAGCATG-1,8727,17964
GCACAGCACGGGCCGA-1,8327,19113
GCACGCCTACTTAGAT-1,7941,15201
GCAGAAACGTAATCCA-1,18949,4417
GCAGATTAGGGATATC-1,10863,11067
GCAGCACACAGCCCAG-1,8349,11290
GCAGCTATGGACAGGT-1,17755,5564
GCAGGACTATAGAATA-1,7690,10598
GCAGGTAGAGTATGGT-1,15239,6708
GCATAAATTGAACGCC-1,19478,4419
GCATAGAGCACTCAGG-1,10598,11066
GCATGAGGGACGCGGC-1,14702,9467
GCATTCAAGGCAACGC-1,17084,9014
GCCAACCATTTCCGGA-1,16821,8553
GCCAATAGGGCATCTC-1,16425,8322
GCCACAATTTAAGGAC-1,7948,12900
GCCAGGAAAGAACACT-1,7402,18881
GCCAGGAGTAACCGAT-1,14576,7396
GCCAGGCGTTCGCATG-1,14584,4635
GCCATATTGCACACAG-1,14708,7626
GCCATCGAGCTGCGTG-1,9001,14743
GCCCACTGGTCCACAA-1,19346,4188
GCCCGACTTCTTCCCG-1,6094,13815
GCCCGATCTGTGGTCG-1,11116,14749
GCCCGATGCCCAGTTC-1,5284,19335
GCCCGCGCGTAAACGG-1,8210,13821
GCCCGTAATACCTTCT-1,13250,8773
GCCCGTTCACACAATT-1,7927,20263
GCCGAAATTCCTACGT-1,8748,10601
GCCGACCCACGACTGC-1,6746,16808
GCCGATTGGCCAAGCT-1,10860,11987
GCCGCTTGTGAGAAAC-1,8086,10829
GCCGGGTTAGGGTCGC-1,10595,11987
GCCGGTCGTATCTCTC-1,9915,18658
GCCGTCGGTTTCGGGC-1,8195,18883
GCCTATAGTGTCAGGG-1,14835,9238
GCCTATGCTGGGCCTT-1,17884,6715
GCCTGCTACACTGAGA-1,16833,4411
GCGAAGCCATACCCGT-1,10866,9686
GCGACCCAACCATCTG-1,7145,16119
GCGACGATAGTTGTAC-1,9930,13596
GCGAGAGGCCATGTAA-1,17750,7405
GCGAGGCCCGAGCAGA-1,9011,11062
GCGAGTTCTGCAAAGA-1,11128,10608
GCGATTGTTAACGTTA-1,12978,11073
GCGCAAATATATTCAA-1,6485,15887
GCGCATCCAGTCAGCA-1,15364,9239
GCGCCGTTCCACGATA-1,11389,11989
GCGCTAATTGAATAGA-1,12055,10380
GCGCTATGCCGAGGCA-1,9007,12442
GCGCTGATCCAGACTC-1,14314,6475
GCGCTGCTTTGCATTT-1,15233,9009
GCGGACCGCGTTGTGG-1,8473,14282
GCGGAGAAACTTCGCA-1,7148,15198
GCGGCAAAGTATTGCC-1,6352,16116
GCGGCTCTGACGTACC-1,7820,11288
GCGGGCGAGCCTTACC-1,9528,15205
GCGGTCCCGGTGAAGG-1,18546,6487
GCGGTGAACTGCGCTC-1,15238,7168
GCGGTTCCCTATCATG-1,9269,13364
GCGTCCCTAAGACATA-1,8332,17273
GCGTCGAAATGTCGGT-1,11405,6466
GCGTCGCCAGGGTGAT-1,10984,14979
GCGTCTCTGCATTGGG-1,8216,11520
GCGTTCGGAGACCGGG-1,16429,6941
GCTAAGTAGTTTCTCT-1,13377,10384
GCTACGACTTATTGGG-1,11917,12451
GCTAGCAGGGAGTGGG-1,16167,6020
GCTAGCGATAGGTCTT-1,5950,17726
GCTAGCTTGAATAGCT-1,8604,14512
GCTAGTAGAGCTTGTA-1,11390,11529
GCTCAATCCGTTTATT-1,7414,14739
GCTCATTACTGCATGT-1,15110,5557
GCTCATTGATCATATC-1,9119,19576
GCTCCATGCAAAGCAA-1,10048,18428
GCTCCGGACGTTGATA-1,16439,3259
GCTCCTGACATACTGG-1,7015,15428
GCTCGACCGAACTGAA-1,18027,2804
GCTCGGAATTTAAAGC-1,13914,7624
GCTCTAAACCCTGACG-1,10474,8075
GCTCTCGGGTACCGAA-1,10473,8535
GCTCTTTCCGCTAGTG-1,9919,17277
GCTGAATCTTCCAATC-1,5823,16115
GCTGAGGCGTGAGTAT-1,11257,11758
GCTGCACGGTTTCTTA-1,12447,11992
GCTGCGAAGAATTATT-1,8854,19575
GCTGCTAAGTAGTCGA-1,10189,15437
GCTGCTCTCCGGACAC-1,11131,9687
GCTGGACCCAAAGTGG-1,16829,5792
GCTGGGAGCGCGTCAA-1,7136,19340
GCTGGTGACTCGTAGT-1,18285,5106
GCTGTATTACTGGCCC-1,7815,13129
GCTTAGGGAAGCGGTA-1,19210,5338
GCTTATGAAGCAGGAA-1,14567,10617
GCTTCAGTGGGATTAC-1,17759,4184
GCTTCCGTCCCTAGAC-1,12984,9232
GCTTGCAGCACAATTG-1,18280,6946
GCTTGGATCGATTAGG-1,15627,9700
GCTTTCAGAGGAGGTG-1,15361,10160
GCTTTCTATCTCAACT-1,18289,3725
GCTTTGCTGCCGGGTA-1,19614,2808
GGAAACAGAGCTTGGG-1,6208,20028
GGAAACCTTGTTGAAT-1,16825,7172
GGAAAGTCTTGATTGT-1,8457,19804
GGAAAGTGCCCATGCC-1,14709,7166
GGAACCGTGTAAATTG-1,9003,13823
GGAACTCGTGAATACG-1,8456,20264
GGAAGATAAGACTGTA-1,19213,4418
GGAAGCTCGCTTACAG-1,13789,5093
GGAATGCGCTAGCGTG-1,13643,9924
GGACCTACGGTAACGT-1,17223,6483
GGACCTCTAGGCCGCC-1,6749,15887
GGACGGCTTGCGCAAC-1,16172,4179
GGACGTCCATAGTTGG-1,18151,5795
GGACTCGACAGCGCAT-1,8858,18195
GGACTCGTGAGTGGTC-1,7803,17271
GGAGACCAATGTGCTT-1,18410,7637
GGAGACGACACCTTTG-1,11652,12450
GGAGCACCAAGAACTA-1,13647,8544
GGAGGCGAAGAACCGC-1,16175,3259
GGAGGGCTTGGTTGGC-1,13114,9923
GGATCATCCCGTACGC-1,16166,6480
GGATCCGGAATATACT-1,13642,10385
GGATCTACCGTTCGTC-1,6869,20260
GGATCTTACTGCCCTT-1,7406,17500
GGATGACGCGAGTTTA-1,8747,11061
GGATGTCCTTACCGCA-1,14831,10618
GGATTAAGCTAAGGTC-1,14321,4174
GGATTCCGCTATACCC-1,13519,6933
GGATTTCACTTCTATA-1,13776,9695
GGCAAAGGCGCCAATA-1,7281,14969
GGCAAATTACTTTACT-1,9802,11984
GGCAAGCCAGGGATAG-1,18810,6488
GGCAAGGCGAAATAGC-1,11915,12911
GGCAATAGTCAATGAG-1,12057,9460
GGCACTCCACTGGGCA-1,8881,10371
GGCAGCGGTAATCCTA-1,16035,5789
GGCATATCGGTTCTGC-1,13785,6473
GGCCCAATCTAGAGGG-1,18288,4185
GGCCCAGTTATCAGCA-1,18152,5335
GGCCGAGACTCTGGTG-1,7011,16809
GGCCGTTTGGGTTTCA-1,8732,16123
GGCGAACCGTTCTGAT-1,19604,6490
GGCGCATGAATTGATG-1,9934,12215
GGCGCGTTCGAGTTTA-1,10591,13367
GGCGGAGTAATATTAG-1,8882,9911
GGCGGTAGGATCATTG-1,11924,9689
GGCTAAAGGGCGGGTC-1,15900,6940
GGCTAATGATTGAAAT-1,17756,5104
GGCTACTATACACTCC-1,8597,17273
GGCTATTAAGTTGTAT-1,8220,10139
GGCTCCTCCACCTGTT-1,7410,16119
GGCTCGCGTTGAGGTA-1,15098,9699
GGCTCTGCTCCAACGC-1,12324,8540
GGCTGAGCATCGTAAG-1,15906,4639
GGGAACGGGAGGTTAG-1,7687,11518
GGGAACGGTTTCAGAT-1,7010,17269
GGGAATGAGCCCTCAC-1,16958,6943
GGGACCCGTATATCTT-1,9791,15666
GGGACTGCATAGATAG-1,10734,9916
GGGAGAACTCACAGTA-1,11263,9918
GGGAGGATGCCCGAAA-1,9540,11063
GGGAGTTAATGAGGCG-1,12717,10152
GGGATATTGATCGCCA-1,5812,19797
GGGATCCCAATACAAA-1,18677,6717
GGGATGGTCGTAACCG-1,8476,13361
GGGCACGTAGTACTGT-1,9122,18656
GGGCATGCATGTCGAG-1,10045,19349
GGGCCCGTCTTAAACA-1,9669,12214
GGGCCGGCCGAAGTAC-1,13905,10846
GGGCCTATACAACCGG-1,18026,3264
GGGCCTATTTAAGTAT-1,18284,5566
GGGCGATATGTGTGAA-1,10472,8995
GGGCGGCAAATGAATT-1,8739,13822
GGGCGGGTTCCCTACG-1,7685,12439
GGGCGTACATTTATAT-1,9945,8073
GGGCGTCACCACGTAA-1,9401,13594
GGGCGTCCACTGGCTC-1,13918,6244
GGGCGTTTACATTCAT-1,6215,17727
GGGCTATGATCGATGG-1,9527,15665
GGGCTCATCGAACCCA-1,14573,8316
GGGCTGCCTAGGGCGA-1,11923,10150
GGGCTGGTTAGTCGCG-1,9544,9683
GGGTACTTCATGAACT-1,7953,11059
GGGTCACCGTGACGGT-1,9012,10601
GGGTCACGTGCTTATG-1,16308,3029
GGGTCACTGAGTAGTG-1,19349,3268
GGGTCAGGAGCTAGAT-1,10051,17508
GGGTCGTGGCAAGTGT-1,16954,8323
GGGTGACACCTTAACT-1,10195,13136
GGGTGTTTCAGCTATG-1,11802,6237
GGGTTAACATTTGAGT-1,9397,14975
GGTAAATGTGCGTTAC-1,13525,5092
GGTAACCGGGAGGATA-1,6353,15656
GGTACAAACATGCTAT-1,9935,11755
GGTACCATTAAGACGG-1,16687,9243
GGTAGACCGTTGGGCG-1,9794,14746
GGTAGGCCAATATCAC-1,9912,19578
GGTAGTGCTCGCACCA-1,12319,10381
GGTATTGCCGAGTTTA-1,9807,10144
GGTCAGTGGGTCCCAC-1,10988,13599
GGTCATTGTAGTCATA-1,18680,5797
GGTCCACGTCTATTTG-1,6078,19337
GGTCGGATAAACGGCG-1,15633,7859
GGTCGGCCAGGAGCTT-1,13907,9925
GGTCGGTCGTCCACAG-1,9660,15436
GGTCTCTGAATGGACT-1,7282,14508
GGTCTGAGAATCTGGA-1,13380,9464
GGTGAAGTACAGGGAT-1,7682,13359
GGTGATAAGGAGCAGT-1,13243,11074
GGTGCAGAGCCTATCG-1,16566,5331
GGTGCATAAATGATTA-1,8991,17965
GGTGCTGGTACACATT-1,8876,12212
GGTGGACCACGTGTTA-1,16701,4181
GGTGGGATTAGGTCCC-1,7002,20030
GGTGTAGGTAAGTAAA-1,9386,18656
GGTTACCACCCTCGGG-1,7154,12897
GGTTACCGCTCCCTAC-1,8589,20035
GGTTCCCTAGTGTCTC-1,19081,4187
GGTTCCGTACGACTAA-1,8191,20264
GGTTCGATGCTGAGTT-1,17629,3493
GGTTTAATTACCATCG-1,7936,17041
GGTTTACAATCTCAAT-1,12457,8310
GGTTTCAATCGGTCAG-1,14832,10158
GGTTTGACAAGAAGCT-1,17624,5334
GGTTTGCGAACACGTA-1,19076,6028
GTAACAACTGACCTTG-1,18550,5106
GTAACATCAGCTCATC-1,17762,3263
GTAACTGCCCAAGGAG-1,8860,17734
GTAAGCGGGCAGTCAG-1,11136,7846
GTAAGTAACAGTCTGG-1,13638,11765
GTAATAAAGGGCTCCC-1,16421,9702
GTAATCTGATTCTTCG-1,8606,14052
GTACACTTACCTGAAG-1,11260,10838
GTACAGAGGCAAGGGT-1,13772,11075
GTACGAGATTGCGACA-1,10344,7384
GTACGCTTCATTGCAC-1,12311,13142
GTACGTCACGTATTAA-1,16963,5102
GTACGTTTGCCCGTCA-1,11784,12680
GTACTAAGATTTGGAG-1,10076,8764
GTACTCCTGGGTATGC-1,16292,8551
GTACTGGAGTTAGACC-1,13510,10154
GTAGAGGGAGACAAGT-1,6886,14277
GTAGCGGCTATACACT-1,11919,11530
GTAGCTCCGGGAGGCT-1,7670,17501
GTAGCTTCCTCTTGTT-1,14569,9697
GTAGGTGATCCGTGTA-1,13256,6472
GTAGTTAGACAATATA-1,18953,3037
GTAGTTCGAAGGCGAA-1,7935,17502
GTAGTTTAAGCACACG-1,5813,19336
GTATAGGACTCAGTAG-1,10477,7154
GTATCTCGGGCGCTTT-1,5286,18875
GTATCTTTCATAACCA-1,11518,13140
GTATTAGGGTTCGCGT-1,17230,4182
GTATTCTGAGAAACGA-1,7814,13589
GTCAAGCGGACTCGGG-1,12977,11533
GTCACCTGTCTATGTC-1,15646,3257
GTCATGCACCTCCGTT-1,10868,9226
GTCATGGACATGACTA-1,11002,8536
GTCATTAGAGCGAACG-1,11656,11069
GTCCAATATTTAGCCT-1,9786,17507
GTCCAGGCACGTGTGC-1,8593,18654
GTCCCAACGTAAAGTA-1,12452,10151
GTCCGGCTGAATTGCG-1,9678,8993
GTCCTTCTAGTGGGTT-1,13657,4862
GTCCTTTAATGACTTC-1,16568,4410
GTCGCCGTTGTGTGTT-1,8469,15662
GTCGCGTAACCCGTTG-1,12713,11533
GTCGGAAGGATACCAG-1,18020,5565
GTCGGATATCTCAGAC-1,7560,9907
GTCGGATGTAGCGCGC-1,12992,6471
GTCGTACCATCTCGGG-1,10989,13138
GTCGTATTGGCGTACA-1,15371,6938
GTCTAAGATGCCCAGC-1,19216,3497
GTCTATACACGCATGG-1,9383,19577
GTCTATCTGAGTTTCT-1,8348,11750
GTCTCGACTAAGTTTG-1,17483,8325
GTCTCGATCTGCTTTC-1,13386,7162
GTCTGGGCGGTCGAGA-1,8608,13132
GTCTGTAGGTTGAACA-1,7929,19342
GTCTTAGTACAGCCGG-1,13127,5321
GTGAAACGGCGCCACC-1,14442,8086
GTGAACTCCCATTCGA-1,16554,9473
GTGAAGATTTCAAGTG-1,16427,7401
GTGAAGCCGTATAGTC-1,16956,7403
GTGACTTCAGTAGTGC-1,9402,13134
GTGAGATAACCTTATA-1,8197,18423
GTGAGGACACTTAAGG-1,12976,11994
GTGAGGAGCGGTTGAG-1,14317,5554
GTGAGTGGTACAACGC-1,10191,14517
GTGATCAAGCGTGCAC-1,6348,17497
GTGATCATAGATCTGC-1,10328,12906
GTGATGCACAACATCT-1,15508,5328
GTGATTCGCCGCTCAA-1,8078,13590
GTGCACCAGCTTCAAC-1,9918,17737
GTGCACGAAAGTGACT-1,12198,6469
GTGCCATCACACGGTG-1,7289,12207
GTGCCCGTTCGGATTC-1,14035,11536
GTGCCGCTTCAAAGGT-1,8610,12671
GTGCCTCAGTGTACGG-1,15112,5096
GTGCGAAATCGAACAC-1,8477,12901
GTGCTCAAGTACTGTC-1,9674,10373
GTGGAACCTACATGCG-1,13522,6012
GTGGACCAACCCGATT-1,6625,12896
GTGGAGTCGGCGGTTG-1,7810,14970
GTGGGAACAAACCGGG-1,8989,18885
GTGGTATAGTCTGCCG-1,8204,15662
GTGGTCAGCGAAGTAT-1,14981,4406
GTGGTTTCCGCCTTTC-1,7024,12207
GTGTACCTTGGCTACG-1,13118,8542
GTGTCAGTGTACGTGG-1,8329,18193
GTGTCCGATAAGGCAT-1,15777,3488
GTGTCGTATTCACCTT-1,18287,4645
GTGTGAATAACTTAGG-1,13775,10155
GTGTTACTATGCGTCC-1,12711,11993
GTTACAATTGGTGACG-1,7160,11056
GTTACCTACAACTTGC-1,11649,13370
GTTACTTTGGGCCTAG-1,9536,12444
GTTATATCAGGAGCCA-1,18013,7866
GTTATATTATCTCCCT-1,10194,13596
GTTCCGTCCGCCTGCA-1,8328,18653
GTTCGACAATTGTATA-1,6345,18417
GTTCGCCATAAGTGCC-1,9805,11064
GTTCGTCTGGGTCCCT-1,18543,7407
GTTGAACCGGTTCCAT-1,8082,12210
GTTGGACCGCATCAGG-1,18147,7176
GTTGGATTCAGTGGCT-1,15505,6248
GTTGGATTGAGAACAC-1,14436,9927
GTTGGATTTGCGTTGG-1,9409,10833
GTTGTTACATTGCGCT-1,18417,5336
GTTTACGTTCCATCTG-1,11252,13599
GTTTCCTGGAGGGTGA-1,9284,8301
GTTTCTGCAGTCTCCC-1,12315,11762
GTTTGACCAAATCCTA-1,10470,9455
GTTTGGCCCAAGTTAT-1,13372,12225
GTTTGGCGTCAGGCAC-1,18158,3494
GTTTGGGCTTGTGAGC-1,11382,14290
GTTTGGTAGGGTCAAC-1,10587,14748
GTTTGGTGATCGGTGC-1,7802,17731
TAAACCCAGGAGGGCA-1,7545,14969
TAAAGCGGTATTTCCA-1,9258,17045
TAAAGCGTTAGGAGAA-1,14439,9006
TAAAGCTGCAATAGGG-1,15637,6479
TAAAGTGCACGTCTCG-1,9385,19117
TAAATGCCGTCTCATG-1,16434,5100
TAAATTTAGTAACACC-1,7931,18882
TAACAGCGTTTGTGCT-1,7671,17041
TAACATACAATGTGGG-1,12052,11301
TAACATACACGCGATC-1,6090,15195
TAACTCATCCGCGCGG-1,9272,12443
TAAGCCCTTACGACCA-1,17887,5795
TAAGCGCGAATCAAAT-1,6083,17496
TAAGGCAACATAAGAT-1,12193,8310
TAAGGCATAACATCAA-1,9262,15665
TAAGTAAATGTGCCGC-1,15644,3717
TAAGTAACATCTTGAC-1,8079,13130
TAAGTCGCCGAGTATC-1,7016,14968
TAAGTGAATAGTCTAC-1,5946,19107
TAATAAACAAGGAGAT-1,14843,6476
TAATACACAGTAGTAT-1,11270,7156
TAATAGAACAGAGTTA-1,7812,14050
TAATAGTGACGACCAG-1,13779,8774
TAATCAGGAATGCTGC-1,17102,2571
TAATCGATCCGTACGT-1,15102,8318
TAATGTCGGTTCATGG-1,5945,19567
TAATTGGAATCGGGAA-1,16694,6482
TACAACGCACAACTCA-1,9273,11983
TACATAGGCATACACC-1,10728,11757
TACATTTCTAACGTGC-1,10068,11525
TACCAGAAGTAGGTTC-1,9532,13824
TACCAGGAATCCCGTC-1,7536,18191
TACCGCGGACTTGCAG-1,15626,10160
TACCGGCTCACTGCCC-1,11385,13370
TACCGGTCGTTTCCAT-1,7287,12668
TACCGTAGGTTAACTA-1,10319,16128
TACCTCAGTTGTCTGT-1,9393,16355
TACCTCCACACCAATG-1,6612,17498
TACCTTAAGATTTCCC-1,6623,13816
TACGAACACGACTTCA-1,9809,9683
TACGACGCTTGCTGCG-1,9931,13135
TACGACTGCCTCTTAG-1,11519,12680
TACGAGAACTTCACGT-1,7954,10598
TACGATCCAAGCCACT-1,17233,3262
TACGATGTTGATCATC-1,7426,10597
TACGCAGTTCTTTCCT-1,9537,11984
TACGCCATATTCTAAT-1,10464,11756
TACGCCGAGGGTACCC-1,7279,15429
TACGCCTCCATTCCGA-1,10586,15208
TACGCTCCTAGAACTG-1,8987,19345
TACGCTGCTGTGTTAA-1,5949,18186
TACGGGATGCTAGCAG-1,13782,7394
TACGTACTAGTGCTGA-1,8333,16812
TACGTTTACCGGCAAT-1,7025,11746
TACTATGGTTCCTCAG-1,8998,15664
TACTCCTCTAGTTGAC-1,7539,17270
TACTCTCCGAACAAAT-1,13518,7393
TACTCTTTCGTCTTCA-1,8865,15894
TACTGAACAGATTTAG-1,8602,15433
TACTGCAATCAATTAC-1,16294,7631
TACTTGTTAGTAGTCC-1,14301,11077
TACTTTACTGAGCCGG-1,15496,9470
TAGAAAGGTGGCGCTA-1,13511,9694
TAGACGCCCGTACCGG-1,14701,9928
TAGAGATCATGCAACT-1,6229,12664
TAGAGTCTAAGCGAAC-1,10074,9224
TAGATATGGACTGGAA-1,9797,13825
TAGATTCAAAGTGCGG-1,7932,18422
TAGCAGTAAATACGCG-1,18687,3496
TAGCCGGCGGTCAGCG-1,14039,10156
TAGCGTTGGGTCTTAC-1,11788,11300
TAGCTAAGTCCGGGAG-1,10339,9225
TAGCTAGAAGGCATGA-1,9531,14285
TAGCTAGTGATGATGG-1,9128,16354
TAGCTCAGATCCTAGT-1,18155,4415
TAGCTCGCCTGATAAC-1,10457,14057
TAGGCATGTTACGCCA-1,14046,7855
TAGGGTGTTTCAAGAG-1,9947,7613
TAGGTCGCCGGAACTG-1,16023,9931
TAGGTTCGAGTTCGTC-1,11657,10609
TAGTAGCTTATACCAG-1,8466,16583
TAGTCCCGGAGACCAC-1,9124,17735
TAGTCCGCAGAGAATG-1,9803,11524
TAGTCCTGCACTAAGC-1,6081,18417
TAGTCTAACAACGAGA-1,7290,11747
TAGTCTGCGGCACATT-1,7533,19111
TAGTCTGTGACGTTGC-1,16426,7862
TAGTGCCCTCCAGAGT-1,9676,9913
TAGTTAAGATAGGATA-1,13656,5322
TATACACAGACGCCTT-1,10722,14058
TATAGAGTCGCTTGAA-1,8861,17274
TATATAGGGCTTTACG-1,7143,17039
TATATATCGAGAAATG-1,6483,16347
TATATCAAAGTGATCT-1,7666,18881
TATATTACAAATGTCG-1,16959,6482
TATCACCATGTAAAGT-1,15377,4637
TATCACCCAACCGACC-1,16029,8090
TATCACTTCGAGTAAC-1,15901,6479
TATCCGCACCGTCGGG-1,9790,16126
TATCGATCTATGCATA-1,14443,7626
TATCTACCACAGCGGG-1,10727,12217
TATGCTCCCTACTTAC-1,10870,8306
TATGGATGTGCTACGC-1,9944,8533
TATGGGACCGAGCAGG-1,10202,10835
TATGGGTACGTATCGT-1,10469,9915
TATGGTCTGAGTAACA-1,10466,10836
TATGTAAAGTGCTTAA-1,8595,17734
TATGTCAAGACCGACT-1,14973,7167
TATGTCTCATTGTGCC-1,13644,9464
TATTAACCTGACCGCG-1,8733,15663
TATTCAATTCTAATCC-1,12584,10382
TATTCCACTCAGCTCG-1,10326,13827
TATTCCTCCGCCCACT-1,7020,13587
TATTCGTGCCAGAATA-1,11261,10378
TATTTATACCGAGTAG-1,13125,6241
TCAAACAACCGCGTCG-1,10739,8075
TCAAACAATTAGGACA-1,18159,3034
TCAAACTTAGATTGTT-1,11395,9688
TCAAAGTCACGGCGTC-1,5948,18646
TCAACAAAGATAATTC-1,6620,14737
TCAACATAGCGCCCTA-1,8601,15893
TCAACCATGTTCGGGC-1,9548,8302
TCAACGAGGAGACAAA-1,10198,12216
TCAACGCAGGAAATAA-1,6887,13817
TCACAGCAAACTCGAA-1,9266,14284
TCACAGGAGAATAAGA-1,9264,15204
TCACAGGTTATTGGGC-1,9147,9912
TCACCCTCTTAAGATT-1,10593,12907
TCACCGCTCGGCACTC-1,14967,9468
TCACGATGTCCGTGGA-1,6489,14506
TCACGCATTGTAGATC-1,9278,10142
TCACGTGCCCGATTCA-1,10994,11298
TCACTACGACCAATGC-1,15375,5557
TCACTCGTGCAACGGC-1,15109,6017
TCAGATGGAGACGTAG-1,19606,5570
TCAGCAAATGCATCTC-1,12453,9691
TCAGCAGTAGGCCCTG-1,8202,16582
TCAGGGTGCACGAAAC-1,14585,4175
TCAGGGTGTAACGTAA-1,12323,9000
TCAGGTTCTTTGAGAA-1,8355,9449
TCAGTAGGGACTATAA-1,9137,13133
TCAGTGTATACGTCAT-1,7543,15890
TCATCGATGGTCCCAA-1,6618,15657
TCATGCAGGTTCTCAT-1,13917,6704
TCATTCGTATAATTTG-1,17363,3952
TCCAACTTTAAATTCT-1,8083,11749
TCCAATAAAGGCTACC-1,9787,17047
TCCACCTCTAGCCTTT-1,9789,16586
TCCACTTTATCTAGGT-1,13247,9693
TCCAGAGCACCGGTTC-1,12051,11761
TCCAGATGTACGCCAA-1,17880,8096
TCCAGGCAGGACGATC-1,10178,19119
TCCAGGCGAGTACGGT-1,10338,9685
TCCATTCCCACTAGAG-1,19471,6720
TCCCAAACAGACAACG-1,17352,7634
TCCCAAACATCCTCTA-1,7399,19801
TCCCAAAGACGAAGGA-1,10738,8535
TCCCAGCTTTAGTCTG-1,10203,10375
TCCCAGGCTTAGCTAA-1,9148,9451
TCCCGCGTACTCCTGG-1,11927,8769
TCCCGGGTGTGCTGCT-1,7294,10366
TCCCGTCAGTCCCGCA-1,12723,7851
TCCCTTAGATTACTCG-1,14181,6705
TCCGAAGTAGTCACCA-1,17358,5793
TCCGACCGCTAATCAA-1,7535,18651
TCCGATAATTGCCATA-1,11272,6696
TCCGATGACTGAGCTC-1,12856,7621
TCCGATGGTGCGACAT-1,9813,8303
TCCGCGGCAGCATCTG-1,13906,10385
TCCGCTTATCCCATTA-1,11251,14060
TCCGGAGGAAGGGCTG-1,17093,5792
TCCGGCCTAGCGTACA-1,15762,9010
TCCGGTTCGTCCGGTC-1,9795,14285
TCCGTTTAGCCTTGAA-1,14571,9237
TCCTAACCGTCGGGCA-1,8862,16814
TCCTAGCAAAGAAGCT-1,8215,11980
TCCTCGGGCTGGGCTT-1,12844,11763
TCCTCTGGCCCATTAG-1,14451,4864
TCCTGCCAACTGGAGA-1,14714,5325
TCCTGGCGCTGCCTGG-1,16830,5331
TCCTTCAGTGGTCGAA-1,11935,6008
TCCTTTCTTACGCTTA-1,10999,9457
TCGAAATTTAGGACCA-1,8752,9220
TCGAATATCCCGCAGG-1,7014,15888
TCGAATCGCAGGGTAG-1,9779,19808
TCGACATAGCGTAGCG-1,6740,19109
TCGAGACCAACACCGT-1,10069,11065
TCGAGCCAGGCAGGCC-1,7675,15660
TCGCCACCCGGATTAC-1,5283,19795
TCGCCCAACTGACTCC-1,17229,4642
TCGCCGAAGTTGCGTC-1,7683,12899
TCGCCGGTCGATCCGT-1,10874,6925
TCGCTAAACCGCTATC-1,14577,6936
TCGCTCGATATATTCC-1,11132,9227
TCGCTCGGCACCAGCG-1,17087,8094
TCGCTGGGCGGATTGT-1,12588,9001
TCGCTTAATTACGAAG-1,18813,5567
TCGCTTTAAACGTTTG-1,14309,8316
TCGGACGCCCAGCCCA-1,13246,10153
TCGGAGTACATGAGTA-1,12585,9921
TCGGCGGTATTAGATT-1,19217,3037
TCGGTCCCGACAATAG-1,5824,15655
TCGGTCCCTGACTCCA-1,14715,4865
TCGGTGACCGCTCCGG-1,17225,6023
TCGGTTAGCCATGTAG-1,15380,3717
TCGTAAGACGACATTG-1,12985,8772
TCGTAAGCTCCGAGGA-1,16827,6252
TCGTACCGACGTCAAG-1,10181,18198
TCGTATCACCAAGCTA-1,17367,2572
TCGTCAAGTACGCGCA-1,7808,15430
TCGTCCGGGTACACTC-1,18816,4647
TCGTTAGGAGTCCCTA-1,9927,14516
TCGTTGCTATCCGGTC-1,8868,14973
TCTAATACTGCCTCAG-1,6089,15655
TCTACACGTTCATGCA-1,15115,3716
TCTACCGTCCACAAGC-1,11663,8768
TCTACGCACGATCTCC-1,6606,19799
TCTACGGGCTCAGTTG-1,18943,6258
TCTAGCAATCTCCGCC-1,6757,13126
TCTAGCATGCCCAGAA-1,11516,13600
TCTAGGTGGCGACGCT-1,15893,9241
TCTAGTTATCAGAAGA-1,9939,10374
TCTATCGGTCGCAACA-1,11269,7617
TCTCCAACGTAGGTTA-1,13122,7162
TCTCGAACGAGGTCAC-1,15243,5327
TCTCTTACCGCGAACC-1,8464,17503
TCTGAATTCCGTACAA-1,15229,10389
TCTGCCAGAAACTGCA-1,13240,11994
TCTGCGAATCGTTCGC-1,19075,6488
TCTGGGTAGCGCTCAT-1,7554,11748
TCTGTGATGGAGGTTG-1,17892,3954
TCTGTGCCATCATAGT-1,13378,9924
TCTGTTACCCAGCATA-1,7415,14279
TCTTACCGGAACTCGT-1,14840,7397
TCTTCCCATGGGCACA-1,15494,9930
TCTTCGAATAGACGTT-1,12184,11531
TCTTCGATACCAATAA-1,11527,9918
TCTTGATGCGTAGCGA-1,11792,9919
TCTTGGTAACACCAAA-1,11402,7387
TCTTGGTCAATGATAC-1,5416,19565
TGAAAGGACCTGACTC-1,13773,10615
TGAACAAGCAGGGACT-1,7537,17731
TGAATATGCTATAAAC-1,17885,6255
TGAATGAGATACAGCA-1,19339,6489
TGAATGAGTGTTTCCC-1,9389,17736
TGACAACTTAAAGGTG-1,7398,20261
TGACACTTCTCTTTGC-1,16298,6250
TGACCAGCTTCAAAGT-1,15643,4178
TGACCCACGTTAGACA-1,9014,10141
TGACCCAGCATTCCCG-1,16704,3260
TGACTATAATCCTTTC-1,11782,13141
TGAGATTAGGCCCTAA-1,15240,6247
TGAGCCATACAGTCTC-1,7818,12209
TGAGCTTTAATGACGC-1,14048,6934
TGAGGAGTGCCAGCTT-1,10452,15898
TGAGGTGTGTGGCGGA-1,9651,18657
TGAGTAAATTAGCGTA-1,10327,13367
TGAGTGCCTCTTAAAT-1,8212,12900
TGAGTGGTCCGTGACG-1,13909,9465
TGATACATTTAGCCGT-1,8470,15202
TGATCACCACACTGAC-1,9519,18427
TGATCCCAGCATTAGT-1,16952,8783
TGATCGGTTTGACCCT-1,9943,8993
TGATCTACGCTGATCT-1,16034,6250
TGATCTCCGGCGCCAG-1,9414,8992
TGATGCTCACGTAGTC-1,19083,3727
TGATTATGGCACGCAG-1,17491,5563
TGATTCCCGGTTACCT-1,9390,17276
TGATTCGTCTATCACT-1,8222,9679
TGATTCTGTCGCCGGT-1,8607,13592
TGATTTATTAGCTGTG-1,7291,11287
TGCAAGAATGACGTAA-1,10735,9456
TGCAATTTGGGCACGG-1,16564,5791
TGCACAGTGAAGTTAT-1,16037,5329
TGCAGAGTACCGAGCA-1,8878,11291
TGCAGGATCGGCAAAG-1,12590,8081
TGCAGTGAGGCTCGGG-1,18812,6028
TGCATATGTCTGTCAC-1,14038,10616
TGCATCTCCGGATCTT-1,18422,3495
TGCATGGATCGGATCT-1,11668,6927
TGCATGTGACCCATAG-1,7800,18192
TGCATGTGGTAATCTA-1,13513,9234
TGCCAATGGGTACTCT-1,9661,14975
TGCCACCTGGCGAAAC-1,12857,7161
TGCCATGGCTTATAAG-1,15513,3487
TGCCATTACTAAAGAA-1,14311,7395
TGCCGGATGTACGAGC-1,7275,16809
TGCCTGATCAAACGAT-1,12064,7159
TGCGACACCCTAGTGC-1,8873,13132
TGCGACGGCCGAACGT-1,7012,16348
TGCGAGAATATTACCC-1,8077,14050
TGCGAGATGGCGGCCA-1,18021,5105
TGCGAGCCCTTCCGCG-1,16301,5330
TGCGCAAAGCATTTGG-1,11660,9689
TGCGGAGTAAAGGTGC-1,12063,7619
TGCGTAAGAACCTGAT-1,8478,12441
TGCGTTTGTTGACACT-1,12843,12223
TGCTATGGCAAAGGGA-1,6212,18647
TGCTCACACAACAACC-1,17101,3031
TGCTGCGTCAGAGTTA-1,19212,4878
TGCTGTTGAAGAACTC-1,11523,11299
TGCTTAGAGAGAATGC-1,6217,16806
TGGAACCACTGACACA-1,16293,8091
TGGAAGAAGGGAACGT-1,7423,11517
TGGAAGGATAAAGATG-1,11799,7158
TGGAATATCCTTGACC-1,16955,7863
TGGACTGTTCGCTCAA-1,12449,11072
TGGAGAATAATCGTCC-1,8591,19114
TGGAGTGATGCGATGA-1,8223,9219
TGGCAACTCGCGCGCC-1,14179,7625
TGGCAAGCACAAGTCG-1,10182,17738
TGGCACGAGCTCGAGT-1,15909,3718
TGGCAGATTACGATCA-1,10461,12677
TGGCAGCAGTAATAGT-1,10861,11527
TGGCCAAACTGAAGTA-1,12852,9002
TGGCGACTGCTCCAAA-1,8999,15204
TGGCGATCAAGTTATG-1,10060,14286
TGGCTTGTACAAGCTT-1,18150,6256
TGGGATGCACTCATTC-1,15772,5328
TGGGCACGTTCTATGG-1,12464,6009
TGGGCCACAAGAGCGC-1,12330,6699
TGGGTAAGGTTCCCGC-1,13259,5551
TGGGTGGGATGTCATT-1,17625,4874
TGGGTTTCGGGCGTAC-1,6079,18877
TGGTCGATATACCTCT-1,7665,19342
TGGTCGTTTGATAGAT-1,16837,3030
TGGTGCCCTGCCTTAC-1,9648,19577
TGGTTCGTAGCAAAGG-1,10078,7843
TGGTTGGAGGATCCTG-1,14847,5096
TGGTTTAAACGTGGGT-1,17616,8095
TGTAATGCCTTCGGAC-1,16968,3261
TGTACGAACAAATCCG-1,10465,11296
TGTACTACTCTCACGG-1,18676,7178
TGTAGGAGAAATTTCC-1,14171,10386
TGTAGTGATCTATAAT-1,7161,10596
TGTATAACAGATCCTG-1,13248,9233
TGTATCAGACTGAAGC-1,17360,4873
TGTATTTACCTAATGC-1,16302,4870
TGTCATTTGTTGGGAA-1,17221,7404
TGTCCGCAAACAATTC-1,9516,19347
TGTGACTACGCCAGTC-1,12460,7390
TGTGGCAAAGCGTATG-1,14306,9236
TGTGGTTGCTAAAGCT-1,9257,17505
TGTTCCGCTTCCATGA-1,8615,10830
TGTTCGTATTGCGGTG-1,10855,13828
TGTTCTCTACTCCCTA-1,19078,5568
TGTTCTTCCATTGACT-1,8485,10140
TGTTGATCACTGTTTA-1,18688,3036
TGTTGTCAAGAAGTCT-1,13648,8084
TTAAACTCGAATTCAT-1,15363,9699
TTAAAGGCGATGCTCG-1,9252,19346
TTAACGAACAAGCAGT-1,17881,7636
TTAACTTCAGGTAGGA-1,6228,13125
TTAAGACGAACGAACC-1,15512,3947
TTAAGATACCCAGAGA-1,6210,19568
TTAAGCCGACAACTTC-1,12994,5551
TTAAGCGCCTGACCCA-1,8619,9450
TTAAGGCCCGTACTTT-1,6087,16116
TTAATCAGTACGTCAG-1,12859,6701
TTAATGTAGACCAGGT-1,11793,9459
TTAATTTCAGACGCGG-1,11934,6468
TTACAACTACGCATCC-1,9681,8072
TTACAGACCTAAATGA-1,15498,8549
TTACCCATTGCCGGGT-1,14050,6474
TTACCCTAGGGATTGG-1,10451,16358
TTACGGATGGTTCGAG-1,15097,10159
TTACGTAGCGCGTGCT-1,16043,3028
TTACTCCGGCCGGGAA-1,13113,10383
TTACTCTGGTACGTAC-1,6891,12436
TTACTGGGATATTTCA-1,9932,12675
TTACTGTCTAGAGCTC-1,18016,6946
TTAGAAGAACATGACT-1,11249,14520
TTAGAATAAGGGTCGG-1,8731,16583
TTAGACACGATCGTTG-1,14183,6244
TTAGCCATAGGGCTCG-1,6473,20029
TTAGCTAATACGATCT-1,15765,7630
TTAGGTCATAACCGAC-1,7807,15890
TTAGTTCAAGTGTTCG-1,17617,7635
TTATAGTCCAAGGTGC-1,16967,3721
TTATATACGCTGTCAC-1,12581,11302
TTATATTTGGCAATCC-1,11267,8537
TTATCTGTATCATAAC-1,10740,7615
TTATGAATGAAAGGGA-1,11124,11988
TTATGATCTTAACGAA-1,13639,11305
TTATTAGAGCGTGTTC-1,12047,13141
TTCAAAGTCTCTAGCC-1,12715,10612
TTCAAGCCGAGCTGAG-1,12730,5550
TTCAATACTCTGAATC-1,14168,11307
TTCACGAAAGGATCAC-1,9936,11294
TTCACGGTCGTCACGT-1,6344,18878
TTCACTTCCTAGAACG-1,9520,17966
TTCAGTTCAAGAGGAG-1,7798,19112
TTCATGGCGCAACAGG-1,12726,6930
TTCCAATCAGAGCTAG-1,15368,7858
TTCCAATCTGGCTATC-1,8872,13592
TTCCACACAGATTTGA-1,8870,14053
TTCCAGTGGGTTTCGT-1,8986,19806
TTCCATCATGCGGTGA-1,15904,5559
TTCCGCAGAGAAATAT-1,16163,7401
TTCCGCGTGAGGCGAT-1,11253,13139
TTCCGGCCTTGAGGCT-1,8603,14972
TTCCGGCTCGACTTCT-1,17359,5333
TTCGAACGAAACATGC-1,8325,19574
TTCGAGCCGGCGCTAC-1,19080,4648
TTCGCGCGCCATACGA-1,8997,16124
TTCGCTATCTGACGTG-1,16031,7170
TTCGGACTGATGCCTT-1,15908,4178
TTCGGCAACCCGCTGA-1,14447,6245
TTCGGGACTAATCGCG-1,12318,10841
TTCGGGCGCTAGTCTT-1,7677,15200
TTCGTAATCCCAGCGG-1,14185,5324
TTCGTGGGCTGGAAGC-1,17893,3494
TTCGTTCAACGAAGTT-1,16691,7862
TTCTAACCGAAGCTTA-1,14700,10388
TTCTACCTCAATCGGT-1,5816,18416
TTCTAGAAAGTCTTAT-1,8864,16354
TTCTATTAAACGCAGC-1,10049,17968
TTCTGCGGGTTAGCGG-1,13373,11765
TTCTGCTAGACTCCAA-1,16819,9013
TTCTTGAGCCGCGCTA-1,8211,13360
TTCTTGGACGATCTGC-1,7018,14508
TTCTTGGAGTAATGAG-1,13253,7392
TTCTTTGGTCGCGACG-1,16558,8092
TTGAAAGGTGTAAAGG-1,16433,5560
TTGAAGAATTCCCAGG-1,9411,9912
TTGAATATGGACTTTC-1,12848,10382
TTGACATGAACGTGGA-1,7023,12667
TTGACCATGTTCTCCG-1,13119,8082
TTGACCGTGTTAATGA-1,7283,14048
TTGACTACCATATGGT-1,8214,12440
TTGAGAGTACTGCTAA-1,7816,12669
TTGAGGCATTTAACTC-1,14850,4175
TTGAGGGTCGAACGCG-1,18555,3265
TTGATCTAACTTTGTC-1,9016,9221
TTGATGCCGCTCGTCG-1,7270,18650
TTGATGTGTAGTCCCG-1,14706,8087
TTGATTAGCTGTTTCT-1,7285,13588
TTGCACAATTCAGAAA-1,10330,12446
TTGCACGGAGCAGCAC-1,10609,7385
TTGCATGCTGATCACG-1,7422,11978
TTGCCATAGCCCGCTC-1,5958,14965
TTGCCCTGATCACGGG-1,7293,10827
TTGCCGGTGATCCCTC-1,15640,5098
TTGCCTAATCCAAAGT-1,5552,18415
TTGCGGAAAGCTGCCC-1,8324,20034
TTGCGGCATCAGAAAG-1,8736,14743
TTGCGTCGGCCAACCG-1,8208,14281
TTGCGTGAACGCTTAG-1,15506,5788
TTGCTCCCATACCGGA-1,12327,7620
TTGCTGATCATGTTCG-1,10336,10145
TTGGAAGAATACAGTC-1,5961,14044
TTGGACATGTGGCTTA-1,6628,11975
TTGGATATCGTCTACG-1,9665,13595
TTGGCCTAGAATTTCG-1,13654,6243
TTGGGACACTGCCCGC-1,12059,8999
TTGGGCGGCGGTTGCC-1,12851,9462
TTGGGTTTATTCAGCG-1,19341,6029
TTGGTCACACTCGTAA-1,9136,13593
TTGGTGCGGTGTTGAA-1,18950,3957
TTGGTTGCGGTGCGCG-1,5827,14734
TTGTAACTTCATAGCG-1,17366,3032
TTGTAAGGACCTAAGT-1,7022,13127
TTGTAAGGCCAGTTGG-1,13514,8774
TTGTAATCCGTACTCG-1,10070,10605
TTGTCGTTCAGTTACC-1,10476,7614
TTGTCTCGGCAAGATG-1,8193,19803
TTGTGGTAGGAGGGAT-1,6490,14046
TTGTGTATGCCACCAA-1,10718,15439
TTGTGTTTCCCGAAAG-1,10589,14288
TTGTTCAGTGTGCTAC-1,11268,8077
TTGTTGGCAATGACTG-1,6737,20029
TTGTTGTGTGTCAAGA-1,12982,9692
TTGTTTCACATCCAGG-1,8336,15892
TTGTTTCATTAGTCTA-1,6748,16348
TTGTTTCCATACAACT-1,6361,12895
TTGTTTGTATTACACG-1,8194,19343
